nep4 2 Ge Se 
cutoff 8 7 146 98
n_max 10 8
basis_size 8 8
l_max 4 2 1
ANN 70 0
 -8.6485252e-06
  2.9946255e-04
  4.9476464e-05
  1.9251969e-05
 -1.7609814e-04
 -1.7225935e+00
  2.5341231e-05
  7.4787618e-05
 -2.2767001e-04
  9.0466756e-06
  1.1799589e-04
 -2.2795244e-05
  2.4348251e-04
 -3.3616356e-04
  4.7359722e-06
 -2.9882666e-04
 -6.2521816e-05
  1.9737984e-04
 -5.8880815e-04
 -1.3586460e-03
  4.6594039e-04
 -4.0730316e-05
 -3.1333133e-05
 -3.9679583e-04
 -6.0980656e-04
  1.3601923e-05
 -2.1236259e-04
 -2.5001392e-04
  3.7221137e-06
 -6.6797591e-05
  2.9913822e-04
  2.4885188e-05
 -1.8130385e-04
  3.7104203e-04
  5.3215630e-05
 -2.1238175e-04
  1.1499559e-04
 -4.9411523e-04
 -1.2786299e-04
 -1.4628327e-04
 -5.6164898e-03
  3.0003008e-04
  1.0272642e-04
  1.7352767e-04
  3.4846984e-05
 -3.6654959e-04
  2.3163142e-04
 -2.5567462e-04
  2.4319959e-05
  3.6975620e-05
 -2.2681281e-06
  6.5308290e-05
 -8.9648762e-05
 -2.5273996e-04
  3.6054022e-05
 -1.4476391e-05
 -3.1331718e-05
  5.1493240e-05
  6.9806032e-05
  2.4167761e-05
 -8.1206454e-05
 -5.6831555e-05
 -9.6882235e-05
  6.9011956e-05
  3.2935201e-04
 -4.1194111e-01
  7.6998018e-05
 -1.1626685e+00
 -3.0441657e-02
 -3.3358878e-01
  6.7068768e-01
  1.0158841e-01
 -2.7398804e-01
 -5.5316913e-01
 -1.6248457e-02
 -3.7559342e-01
  6.6790165e-04
 -7.8219964e-05
  9.5337309e-02
  7.4731834e-05
 -2.6233058e-02
  8.9242466e-04
  3.6350187e-02
  2.1276510e-04
  6.0873597e-05
  3.3214028e-04
  3.7930095e-01
  5.2477401e-01
  3.8692790e-05
  2.2918110e-05
  6.4741494e-04
  5.4491017e-02
  1.8423405e-03
  4.2346506e-05
  2.8582218e-03
  2.5079008e-03
  2.2667715e-02
  1.2156244e-03
 -1.1716698e+00
  3.0442791e-03
  7.9533682e-05
 -5.4689050e-01
 -1.0765090e-02
  6.9788715e-04
  5.7471778e-02
 -2.5680566e-01
  1.8552784e-02
 -1.1101747e+00
 -8.1948854e-02
  3.9770550e-01
  8.5334026e-04
  7.5797305e-02
  1.3829506e-04
 -4.3341832e-04
  1.9631148e-05
  1.5570722e-04
 -8.6958293e-04
 -3.5034100e-04
  2.2473270e-05
 -8.8757677e-03
  4.9362489e-04
 -5.6471583e-04
  1.4957490e-04
  2.0519047e-04
  2.0915177e-05
  4.9495360e-05
  1.0343242e-04
  5.5006592e-05
 -1.3092415e-04
 -1.7179784e-04
  2.2557446e-01
  1.9479889e-02
 -2.2959806e-01
  1.6400716e+00
  1.6757887e-04
 -2.0809139e-01
 -1.5740100e+00
 -1.9162264e+00
  4.1367134e-01
  7.1828490e-01
  2.0215750e+00
  3.9983384e-04
 -2.4579294e-01
 -6.9285491e-03
 -1.4316455e-04
 -3.9244056e-01
 -2.7832201e-01
 -5.1775951e-05
 -5.5079523e-04
 -3.5427392e-02
  3.6707305e-04
  3.8978172e-04
  9.5118157e-05
  4.3888551e-05
 -2.5568232e-01
  1.4276597e-01
 -3.3953020e-04
  9.0506393e-01
  4.8989147e-01
 -1.1741137e-04
  1.5212636e+00
  2.1703467e-01
 -8.7866253e-01
  8.7021962e-03
  8.0276415e-02
  3.8790637e-01
 -8.8209730e-01
 -1.3045777e+00
  5.4061484e-02
  8.4633809e-01
  1.2255762e+00
  6.4443356e-01
  3.0329967e-01
 -4.7558337e-01
 -5.9996903e-01
 -6.0384601e-01
  9.5094822e-02
 -1.9047964e-01
  3.4712232e-04
  8.8446686e-05
 -5.6990964e-04
 -3.9767835e-01
  1.4769519e-04
 -1.2284002e-04
  4.7822664e-03
  4.6012131e-04
 -1.2827254e-04
 -1.1215442e-04
 -2.2733419e-05
  5.1649698e-05
  5.7042848e-06
 -2.2694915e-04
 -3.9672042e-04
  4.1694275e-01
  1.9940716e-04
  4.3006023e-04
  2.1707812e-04
  1.0653026e-04
 -1.6327947e-04
  5.7107360e-07
 -4.2208128e-02
  4.8529246e-06
 -2.7910920e-04
  3.0284779e-04
  2.8074271e-04
  1.0380229e-01
  4.4335036e-05
 -4.4084551e-05
 -4.2048023e-06
  7.0773778e-05
  3.2384083e-05
 -5.8126659e-04
 -2.8820380e-04
  1.6265268e-04
  4.1147310e-04
 -3.0732577e-04
 -1.0917499e-04
 -7.7818993e-05
 -1.3485270e-04
  2.3975359e-05
 -1.9426044e-04
 -1.8334683e-04
  9.7882867e-06
 -6.2830892e-05
  1.0176732e-04
  4.7161328e-03
  2.9118406e-05
 -1.3281217e-05
 -3.4267368e-04
 -7.4205207e-05
  1.0346678e-04
  5.3639826e-04
 -2.0956963e-04
  8.6951921e-05
 -1.6816348e-05
  2.2782298e-05
 -2.3719025e-05
 -2.4775244e-04
 -7.9837242e-05
  9.4074727e-05
  5.8946182e-05
 -1.6942768e-01
  6.9832524e-05
  9.4596298e-06
 -3.5475776e-05
 -4.8004487e-04
  4.1414714e-05
 -6.6522589e-06
  1.8482718e-04
 -1.0780338e-04
  4.1627631e-05
  2.2466638e-04
 -1.4150201e-04
 -6.5641128e-05
  1.9419441e-04
 -1.3400905e-04
  1.3595339e-04
 -7.6795528e-05
  8.0036458e-05
 -2.6240989e-05
  2.9893382e-03
 -4.3888479e-02
  9.6308710e-03
 -2.0445235e+00
  1.4883267e-03
 -1.8904449e-02
  1.2380671e-01
 -4.6050861e-02
 -5.2310395e-01
 -1.6615117e+00
 -2.8061390e+00
 -2.5363221e-05
 -1.7925415e-03
 -1.1964513e-01
  2.3918969e-04
  2.0719506e-02
  3.4136090e-01
 -2.6384052e-02
 -1.0239593e-01
  4.1981408e-04
 -2.0714202e-05
  6.6226360e-04
 -2.1143854e-01
 -8.2526585e-06
  5.9432004e-02
 -6.9005346e-01
  6.9944434e-02
 -1.5187815e+00
 -1.9945675e-01
 -3.4160903e-04
 -2.5399920e-02
  6.4453213e-03
  1.4856918e-04
 -3.6672813e-01
 -1.3856854e-02
  1.7552911e-01
 -1.9928126e-01
  7.8670996e-01
 -7.4861565e-04
  4.7297177e-01
  7.1454294e-02
  1.7171103e-01
 -6.8133974e-01
 -1.2479501e-01
  2.5003036e-02
  3.4695274e-01
 -4.8394024e-02
 -5.2086316e-04
 -3.7140408e-04
  1.4041530e-01
 -2.8142409e-04
  3.4238112e-01
  1.0363444e-02
 -1.8188581e-05
 -6.2298398e-02
 -6.2452245e-01
 -3.0719780e-04
 -5.9044796e-05
 -1.1735919e-04
  1.8993719e-04
  3.0784064e-04
 -4.8302572e-05
  1.8800703e-04
 -3.0340152e-04
  6.9004629e-04
  4.9215647e-05
 -1.1788469e-04
  5.8205926e-05
 -4.4705626e-05
  1.1795891e-03
  5.2447711e-05
 -3.3497979e-04
  4.3828701e-04
  3.5896947e-04
  1.3784472e-04
  5.3138614e-05
 -9.6721233e-05
  9.6262338e-06
 -1.9164554e-04
 -3.1787690e-04
  2.3414398e-04
  9.9668826e-04
 -9.5132353e-05
  1.1566231e-05
  8.9073765e-05
  2.1088532e-04
  2.1903445e-04
 -1.2408402e-04
  3.5155259e-05
 -1.7368321e-04
  1.8478675e-04
 -4.0939027e-05
 -2.3047280e-05
  5.0184108e-06
 -1.8993791e-04
 -1.8292393e-04
 -1.0026150e-05
 -1.0855924e-04
  6.5757078e-04
  3.2899639e-05
  2.2488485e-04
  2.0808095e-04
  4.0224113e-04
  7.0629038e-05
 -1.6469718e-05
 -4.0066047e-06
 -2.2732331e-04
  4.6156533e-04
  4.0352832e-05
  1.0679867e-04
  7.9247222e-04
  5.5023446e-04
  4.3946234e-06
 -7.7627419e-07
  2.8882473e-06
 -4.5817891e-05
  1.1140218e-04
 -1.5734612e-04
  1.0016173e-04
 -2.3485102e-04
 -4.2217849e-05
  3.5036434e-04
 -1.1322020e-04
 -4.7231404e-04
  2.9348106e-05
 -5.6790384e-05
 -4.8775910e-04
 -6.8066096e-05
  5.4906964e-06
  4.7519683e-05
  4.0354836e-01
 -2.9103227e+00
  4.6988386e-01
 -2.2244830e+00
 -1.0749982e-05
  1.7815562e+00
  6.8234247e-01
  3.8634703e-01
  2.6373425e-01
 -1.7103132e+00
 -9.0238911e-01
  5.2976829e-01
  7.0970297e-01
 -6.3167351e-01
  5.2592047e-03
 -5.0424820e-01
  1.2144200e+00
 -5.9748970e-02
 -7.9551095e-01
  7.7530724e-01
  2.1968487e-01
  9.8159581e-01
 -7.9471982e-01
  8.8391405e-01
 -6.6165231e-02
 -1.0625279e-03
  1.6554001e-01
 -1.0226960e+00
 -5.7917353e-02
  2.9169640e-01
  1.1791848e+00
 -9.0452778e-01
  8.8830099e-02
 -5.3283852e-01
 -1.5197226e-02
  4.3094844e-01
 -2.0700434e-01
  1.8239855e+00
  1.2657238e+00
  8.4320098e-01
 -7.5382018e-01
  4.7493348e-01
 -9.0116119e-01
  2.3339529e-02
 -1.0691200e-02
  1.2084580e-01
  1.9408224e+00
  4.1484855e-06
  1.5133544e-05
 -1.3761586e-05
 -4.5450462e-05
 -2.7899817e-03
 -3.5153190e-04
  1.0221178e-01
 -1.9871025e-01
 -5.4785484e-01
  1.2143625e-04
 -9.9092227e-05
  1.0445002e-04
  9.0920403e-06
 -1.0317793e-04
 -3.0858610e-05
  1.9071501e-04
 -4.6554607e-04
  6.3285301e-04
  3.6241233e-01
  3.9244338e-04
  3.3704558e-01
 -1.1023022e+00
  1.9872458e-04
  4.5436138e-01
 -9.6257925e-02
  1.9977504e-05
 -6.0619444e-01
 -1.0773464e-02
  1.0468776e+00
  1.2545326e-01
  2.7400365e-01
 -1.4362452e-05
  2.0915500e-04
 -3.5492387e-05
  3.0082435e-04
 -9.1823516e-03
 -5.3756492e-05
  1.4212768e-04
  1.2332880e-03
  3.3675710e-04
  1.2359521e-02
 -5.0039764e-04
 -1.1130603e-05
  2.5093104e-04
 -5.3744523e-05
  5.5706367e-04
  2.6958736e-02
  1.3810691e-01
 -1.2167317e+00
  3.1752244e-01
  2.1665903e-02
 -1.5118372e-03
 -6.3265920e-02
  3.3387372e-01
 -2.7611712e-01
  7.8294790e-01
  2.0746238e-04
 -1.0513109e+00
 -1.1603897e-01
  9.5299020e-02
 -3.1012228e-02
  3.6711496e-01
  8.4132081e-01
 -1.6018618e+00
 -3.0235314e-01
 -6.7630009e-07
  2.8493546e-02
  1.4733275e-05
  1.6495369e-05
 -2.5732310e-05
  1.8997325e-04
 -2.8498673e-05
  3.3481294e-04
  1.4444711e-05
 -3.0181167e-04
  5.8289330e-05
  2.8271435e-04
  7.2582116e-05
  1.4628781e-04
  1.2729211e-04
  1.6593651e-05
 -2.8783130e-05
 -1.3064558e-04
 -1.9730070e-01
  1.2950700e-04
  4.9213149e-02
  1.0249394e-01
 -1.4628577e-05
 -1.5042634e-01
  8.9848327e-05
 -4.2470852e-05
 -4.1108274e-01
  1.5941791e-01
 -2.4578645e+00
 -2.1575378e-04
 -2.9041580e-04
 -5.9755300e-03
 -4.3646764e-05
 -7.5166892e-05
 -3.9448372e-05
 -5.1504245e-04
  3.2917253e-04
  1.9184263e-04
  3.3164717e-04
  2.2903010e-01
 -2.9078504e-01
 -3.1328309e-05
  2.9041976e-04
  4.4665180e-06
 -1.8273924e-05
 -1.6028862e-01
  2.6511538e-04
  1.2314825e-04
 -4.8539075e-01
 -3.9230034e-04
  3.5580575e-02
 -5.4922897e-01
 -1.6044421e-03
 -4.1828735e-06
 -3.6192587e-01
 -2.5561091e-01
 -7.5258448e-04
  1.2131726e+00
 -2.5153296e-02
 -4.0959960e-05
 -1.3514440e-01
  1.0297911e+00
  2.9682193e-02
  1.6997628e-03
  4.5148402e-02
  1.4449468e-04
  1.0428162e-04
  1.7331708e-04
  1.4780524e-04
  5.6015345e-04
 -3.0743275e-05
  3.7324286e-04
 -5.1022106e-04
  1.8760840e-04
 -1.3685123e-04
 -5.4929256e-05
 -6.5836532e-05
 -1.7712968e-04
 -2.5844653e-05
 -1.0917612e-04
  3.8412316e-05
 -2.4890387e-04
 -4.6223522e-05
 -2.6966174e-04
 -3.1667537e-04
  1.3414958e-04
 -6.4688537e-04
  5.3431484e-04
  3.0698182e-04
  2.7895969e-04
  2.3206527e-05
 -1.2101115e-01
 -9.1119128e-04
  4.9783474e-01
 -5.4352462e-05
 -1.3000377e-04
  2.1414540e-04
 -2.0837526e-05
  1.0276847e-04
  9.7925520e-05
 -8.3395484e-05
  5.6044955e-04
  8.8873305e-05
  8.7347275e-05
 -1.9346751e-05
  2.1569166e-04
  1.3724371e-04
  6.8313035e-05
  5.3413249e-05
 -1.4108609e-05
  1.3422145e-04
  9.8161217e-06
 -6.7335037e-03
 -1.6634139e-04
 -1.9519262e-04
  3.5671237e-05
  2.5953572e-02
  8.3905114e-05
  1.4621446e-04
  1.8430746e-03
  1.5044105e-04
 -1.8427007e-04
  1.6331219e-04
  2.2033835e-04
 -1.3517714e-04
  1.5589752e-04
  2.3721762e-03
  1.0238839e-04
  5.9720612e-04
  2.0899772e-05
  7.8839214e-05
 -5.5682805e-05
 -7.5183627e-05
  1.8903858e-04
  1.3848360e-05
 -4.8160531e-05
  4.4771386e-06
  2.4968231e-04
 -6.4733424e-05
 -1.7720368e-04
  7.9223355e-05
  3.9587344e-06
  7.4778322e-06
 -2.4526980e-04
  2.0765439e-04
 -4.9248877e-07
  3.6572851e-04
 -3.6075915e-05
  4.9243995e-04
  8.5903717e-05
  7.3034760e-05
  1.3998740e-04
 -1.9935842e-04
 -6.6886850e-02
  9.9233213e-05
  2.3071112e-05
  1.0465886e-01
  5.2266489e-03
 -1.9297642e-01
  7.6899945e-05
  3.8740513e-05
 -7.5294346e-02
 -1.3068262e-03
  3.1856198e-05
 -6.5661952e-05
 -3.7230510e-04
 -3.9261056e-05
  2.3097498e-04
 -1.8067847e-04
 -1.4820927e-05
  1.0147705e-04
  5.7942598e-05
 -1.9750520e-05
  1.9836465e-04
 -4.4275170e-05
 -7.0527938e-05
  1.4765385e-04
  1.9278433e-04
 -1.3636609e-02
 -6.7061075e-05
  3.8637102e-04
 -3.8300991e-02
 -3.0605542e-02
 -1.8049298e-04
  8.7148510e-05
 -5.1024192e-05
  2.0193151e-05
 -7.8724243e-04
  2.4536766e-05
  1.6713397e-04
  9.8380340e-05
 -2.6082652e-04
 -1.2704200e-04
 -6.1888882e-04
  7.5967232e-06
  7.0395181e-05
 -1.4959587e-06
  9.1188634e-04
  2.9728586e-05
  1.1766275e-05
  2.3881746e-04
 -3.6729482e-04
 -4.9198960e-04
  1.4409883e-04
 -9.0147667e-05
 -1.5799266e-04
 -2.4039185e-04
  6.9537182e-06
 -1.7625604e-05
 -1.2423015e-04
 -4.0385642e-04
 -6.2353865e-05
  2.3334416e-05
 -1.2428648e-04
  5.6791713e-04
 -1.3329207e-04
 -4.7411289e-05
  5.9475913e-04
  2.1626057e-04
  1.1098034e-02
  6.8609013e-05
 -1.1419077e-04
 -5.1363255e-04
  7.1878701e-02
 -1.3160230e-06
 -9.9189356e-06
 -1.1954707e-04
  1.2977941e-04
  3.5326908e-04
  1.1704119e-04
  6.2919011e-05
 -7.5705932e-05
 -1.3544901e-04
 -8.1401697e-05
  1.2520739e-05
 -3.4917047e-04
  1.0334626e-05
  1.2679327e-04
 -2.2784606e-04
  5.7583497e-05
  1.7389521e-05
 -1.1853929e-04
 -9.2283357e-05
 -9.3097908e-05
 -4.0393390e-04
  5.1844836e-05
  2.6353868e-03
 -2.0854069e-04
  2.2870790e-04
  7.1769871e-04
  3.4875367e-04
 -5.2476153e-05
 -6.0520437e-05
  2.0336884e-04
 -1.5194736e-04
 -1.4855603e-07
  7.3503970e-06
 -2.4262097e-06
  4.0236817e-04
 -9.5411633e-05
 -2.5229845e-05
 -9.7289238e-05
  8.1884340e-05
  1.5741687e-04
 -7.2444825e-05
 -1.1799192e-05
 -1.4616612e-04
  3.1285861e-05
 -1.4254227e-04
 -2.9963428e-05
 -1.2578620e-04
  1.7947260e-04
 -3.8060226e-04
 -3.0246371e-04
  8.6052714e-05
 -2.6827247e-04
 -4.1127429e-04
  7.9897494e-05
 -2.3542265e-04
 -4.0296854e-06
  1.8206999e-01
 -2.6923964e-05
  4.0659338e-06
 -5.2954565e-04
  7.8720273e-05
 -2.0779307e-04
  1.4785664e-01
  2.1320111e-04
 -9.7701436e-01
 -2.5595643e-04
  9.1952898e-02
 -3.3610145e-04
  4.6960430e-04
 -1.9962572e-04
 -3.8858125e-05
  2.6987804e-04
 -4.2350937e-04
  6.3202676e-04
  5.3350721e-04
  2.7599782e-04
  4.1695195e-04
 -7.7519909e-04
  2.3339682e-04
  3.9386690e-05
  3.5571156e-05
 -4.0326867e-04
  1.0136992e-04
  1.5572612e-03
 -1.1142182e-04
 -1.0564152e-04
  2.1343974e-05
 -1.8759178e-01
  3.9951815e-06
 -1.3821773e-04
 -4.0314388e-02
 -4.4959509e-03
 -4.6746507e-05
 -7.7528728e-04
 -1.5098225e-01
  2.8478328e-04
 -1.0339493e-01
 -5.7547266e-04
  6.7120898e-05
 -1.3630385e-05
  2.2787701e-05
 -5.8922116e-05
  5.0073741e-05
  5.4564439e-02
  1.3002148e-04
 -4.5592413e-05
 -2.2859191e-05
 -2.7672288e-05
 -6.4011157e-04
  2.7865797e-05
 -2.2106349e-05
 -1.6569567e-04
 -3.1929143e-04
  2.3202565e-04
  3.5440395e-04
  1.0394647e-04
 -1.2536356e-04
 -1.0002549e-04
  3.0849373e-05
  7.6803422e-01
  3.7673804e-01
 -4.7699225e-01
 -7.9460448e-01
  1.3604232e-02
 -1.6362031e+00
 -1.7942083e-01
 -7.7673483e-01
 -3.0287284e-01
 -2.7020834e-02
  3.7767002e-01
 -6.5656879e-04
  6.9210792e-01
 -2.8398999e-03
 -5.1033814e-02
 -1.1572055e-01
  1.1125069e+00
 -3.1044579e-01
  6.6792446e-01
  1.1601202e+00
 -2.4667756e-01
  1.7844664e-01
 -1.8197854e-01
 -7.9802418e-01
  5.0701255e-01
 -2.2457874e+00
 -2.3793525e-01
  1.1319686e+00
 -9.4097573e-01
 -3.0497208e-01
 -4.5363235e-01
 -1.2693396e-01
 -1.3243861e-01
  3.6336216e-01
 -2.3481793e+00
 -1.3790904e-01
  1.0846841e+00
  2.7996504e-01
 -4.2592734e-01
 -6.0268921e-01
 -1.8567993e-01
 -5.6679028e-01
  6.8941754e-01
 -1.3325186e+00
 -4.2495587e-01
  7.5227696e-01
  4.5222916e-02
  2.8031101e-04
 -3.4616527e-01
  8.7843604e-02
 -2.7745605e-01
  3.1425294e-01
 -1.3076182e-01
  2.0880432e-01
 -1.8051313e-03
 -9.4020700e-01
  7.8564051e-05
 -1.9325003e-01
 -3.0809417e-01
  4.3934892e-04
 -2.4770747e-01
  1.3550004e-04
  7.9467648e-04
 -2.7904352e-02
  1.1371906e-03
  3.3472040e-01
 -1.2821481e-02
 -7.7865973e-02
 -3.8280252e-01
  8.2700477e-05
  1.1874958e-04
  1.4376727e-01
 -1.2350166e+00
  1.7408784e-01
  8.6262263e-02
 -1.6467395e+00
 -1.2840874e-01
  1.9970341e-01
 -1.5165800e-01
 -1.8682928e-01
 -1.8284401e-01
 -3.3759421e-01
  2.5283572e-01
 -6.4576142e-02
 -5.5499386e-05
 -4.1914624e-04
  2.4454657e-04
 -4.1628474e-01
 -3.7625098e-01
 -1.0450350e-03
  5.0719023e-01
 -7.3746756e-02
  7.7925491e-01
  7.9329116e-03
  2.2852335e-03
  7.9143822e-01
  2.8093645e-01
 -1.8567206e-01
  8.7460175e-02
 -3.4726479e-05
  3.0138460e-01
  1.0424230e-02
 -4.9511722e-01
 -6.0667627e-04
  3.8002512e-01
 -7.8064618e-03
 -3.5511681e-01
 -2.4771793e-01
 -1.0081364e+00
 -5.6879666e-02
 -1.7729260e-01
 -9.2877269e-01
  1.3315779e-05
 -6.3614221e-03
 -1.1795713e-03
 -5.0544579e-05
 -2.3670639e-01
 -5.0861137e-03
  2.6011208e-01
  5.1897191e-03
  4.6316233e-01
  3.4264515e-06
  6.8772939e-04
 -4.0150026e-05
 -4.2640793e-05
  2.4383730e-04
  3.4819232e-04
  3.4785605e-04
  1.8941365e-04
 -2.2499679e-04
 -1.5415412e-03
  1.3637315e-05
 -1.9053462e-01
 -4.2010225e-02
 -5.1014413e-05
  9.2794871e-01
  3.2009764e-05
 -3.9428674e-02
 -3.8721263e-03
 -4.6978381e-01
  3.7478905e-02
  1.1823932e-04
 -1.0393142e+00
 -2.7266983e-04
 -3.5314276e-03
  1.4056833e-04
 -1.9855900e-01
 -1.3257563e-03
 -2.2327534e-03
 -6.9543622e-02
  5.4054512e-05
 -4.7016311e-01
  7.0000686e-05
 -1.3085184e-02
 -6.2841445e-06
 -1.0371486e-03
 -4.4407704e-04
  4.5718889e-06
  2.7466731e-05
 -6.9803655e-02
  1.1918112e-01
  7.0880957e-02
 -2.4913061e-01
  8.9634443e-03
  9.7769268e-02
  1.4753502e-02
  1.7722365e-01
  3.7492409e-02
 -1.5327813e-04
 -1.0273734e-02
  2.1188821e-01
 -1.4875022e-04
  6.3243513e-03
 -2.7083611e-02
 -8.3738014e-05
 -2.1475205e-01
 -2.0208606e-01
 -1.3837728e-06
 -7.4780588e-03
 -3.3301156e-04
  7.1328883e-05
 -1.0367779e-04
  1.5323512e-04
  6.5409794e-04
 -2.5096499e-05
  5.6325448e-06
 -4.7570132e-04
  3.0168620e-04
 -6.6662345e-05
  2.6157990e-04
  1.5569665e-06
  1.6339746e-04
  2.2519940e-04
 -1.3380048e-04
  6.3574385e-05
  1.6991001e-04
  9.7463395e-05
 -2.6167776e-05
  4.0977069e-05
  1.0034191e-04
 -3.4427419e-05
 -9.1791262e-05
  3.9249389e-05
  3.1578599e-04
  1.0040048e-04
 -1.2289875e+00
  7.2211778e-04
  9.1173052e-04
  1.1593680e-04
  8.5868553e-05
 -3.8165436e-04
  1.0928371e-05
  9.7006581e-05
 -1.0491371e-04
  6.6948141e-04
  1.2670473e-04
 -1.0633383e-04
 -1.3202659e-04
  2.3662561e-04
  7.0314782e-05
 -1.0938815e-04
  1.7340716e-04
 -9.1784855e-04
 -6.3578336e-05
 -5.6373414e-05
  8.0137987e-05
 -7.2487637e-05
 -1.5571828e-04
 -3.1494279e-03
  8.3869141e-05
 -1.5761812e-04
 -1.0494260e-04
 -8.9151457e-05
  4.8827191e-04
  4.3388191e-05
 -2.3068567e-03
 -8.2427377e-06
 -2.1735707e-03
  7.5089507e-04
 -1.4802477e-04
 -3.8736250e-04
 -1.1277681e-05
 -1.9823233e-06
 -2.0427915e-04
 -7.3172196e-05
  4.9768918e-05
 -1.0952244e-04
  1.0513332e-04
 -3.2907788e-04
  1.1326826e-04
 -3.8531343e-05
 -6.0669286e-06
 -1.7235672e-05
  2.0015493e-04
 -4.3556993e-05
 -1.6991400e-04
  3.4172443e-04
  9.2037677e-05
  1.3405815e-04
  3.5735825e-04
  2.0024672e-02
 -1.2526403e-03
 -6.4373650e-02
 -1.1709272e-01
 -5.5667977e-03
  1.6454501e-02
  7.7976778e-02
  3.6319183e-05
  3.5416204e-02
 -1.6486731e-04
 -3.8763481e-01
  2.9927063e-01
 -1.7495105e-03
  1.4637520e-04
 -3.7826988e-04
 -4.1803770e-02
 -3.4367824e-01
 -9.7157899e-03
 -2.8936100e-01
 -3.9477978e-04
  2.9096153e-01
  5.1617523e-04
  1.1007413e-01
  2.4082471e-04
  3.6039698e-06
  1.7719902e-02
  1.3048406e-04
 -2.2188568e-05
 -7.7053472e-02
  4.1393945e-01
  2.5919008e-01
  7.8757453e-01
  6.1963182e-02
 -6.8161950e-02
 -4.6630674e-03
 -5.4762132e-02
 -1.6568099e-01
 -2.7272299e-02
  1.7769707e-02
  8.2552421e-04
  2.7259797e-01
  4.1596146e-04
 -7.5945924e-03
 -4.8399240e-02
  2.6974216e-01
 -1.1168516e-03
  2.5156718e-02
  2.6816706e-06
 -1.0212390e-05
  4.0025497e-04
  7.6030592e-05
 -9.6673174e-03
  1.3759958e-04
  2.0112921e-04
 -2.8892510e-04
  7.9070195e-04
  2.5092356e-04
 -7.7306823e-04
 -1.5874044e-04
  8.6041196e-05
  3.4018271e-04
  8.0766047e-05
  8.5935084e-05
  6.4018893e-04
  7.8334422e-05
  1.9280154e+00
 -4.9876808e-03
  9.7525615e-01
 -3.2430243e-01
  4.0534087e-05
 -2.6266010e+00
  1.3962516e+00
 -1.0770140e+00
 -2.5928493e+00
  1.4404706e+00
 -1.7247784e+00
  3.2553769e-04
 -3.1631124e+00
 -6.7423411e-02
  3.9995158e-01
 -3.2710102e-01
  5.5681245e-04
 -6.1370049e-02
 -4.9512677e-02
  9.9696666e-03
  5.4343033e-01
  1.6468388e-01
 -1.0845619e+00
  7.4917954e-01
  5.2786338e-01
  1.8530412e+00
 -1.7606474e-02
 -1.6161248e-01
  5.8881992e-01
  9.8290056e-01
  2.3017843e+00
 -9.0474492e-01
  4.0123639e-01
 -3.3005798e-01
  1.7455925e+00
 -8.3075690e-01
  4.3695468e-01
 -2.7870464e-01
  3.3066368e-01
  2.4101856e-01
 -8.4358263e-01
  6.3399339e-01
  8.9297849e-01
  1.9499931e-01
 -6.0135645e-01
  1.1245202e+00
  7.7727145e-01
  7.4155054e-05
  7.9637229e-01
 -2.8883475e-03
  2.6153185e-04
 -1.8293966e-04
  3.6913584e-04
 -4.8381646e-04
 -3.4883525e-04
  2.3237377e-05
  1.6769029e-05
  5.4763914e-05
  2.1381213e-04
  3.7733771e-05
  1.2921890e-05
  3.6717622e-04
 -1.8330898e-04
 -1.1865367e-04
 -1.7322283e-05
 -1.5936948e+00
  3.5406299e-02
 -7.4309653e-01
 -1.8001839e-03
 -1.8798575e-02
  1.2811729e-03
 -8.9591765e-01
 -5.9062856e-01
  1.1314368e-05
 -3.0105186e-01
  2.4190657e-02
  3.5533009e-04
  1.0909454e-01
  3.6916212e-04
  1.8627102e-04
  1.8650097e-05
  1.6342166e-04
  2.5944132e-01
 -1.5759832e-03
  2.0966203e-04
  2.1961216e-04
 -6.5178261e-05
  5.5235829e-02
  8.9892492e-05
 -1.4333779e-04
 -2.4407116e-01
  7.2833573e-06
 -5.5628210e-05
 -6.4837327e-04
 -2.7084999e-02
  8.0301166e-01
  7.7017158e-04
  5.1641971e-04
 -4.8564431e-01
 -2.2310765e-01
  2.9656148e-01
 -1.5110908e-01
 -2.3664315e-01
 -3.0301768e-05
  1.1402210e-01
 -4.6879253e-01
  5.3395866e-05
 -6.0739424e-02
  1.5955317e+00
 -1.7447746e-01
 -6.6711295e-01
  1.9616978e-01
 -2.0599364e-04
 -4.0819010e-04
 -1.6609851e-04
  7.2765499e-05
  2.6437408e-05
  7.9876234e-05
  2.2528536e-04
 -7.9173624e-05
 -6.4404681e-05
  1.5327138e-04
 -1.8416815e-04
 -6.5690583e-05
  4.2580439e-05
 -1.1295590e-04
 -2.1279638e-04
 -5.9230457e-05
 -2.1025087e-04
  6.4161301e-05
 -4.9404418e-01
  1.8202417e-01
 -4.3082800e-02
 -1.2302992e+00
 -6.1593661e-03
  1.1553752e-01
 -4.4852503e-02
 -1.4054202e-01
 -3.8852525e-01
 -5.3828436e-01
  1.9171891e-01
  1.0704460e-03
  2.9458460e-01
  6.8326198e-02
 -7.4137795e-05
  2.0455151e-05
 -1.6658729e-01
  1.1949664e-01
 -1.1719427e-01
 -3.7790038e-02
  5.6319934e-04
  3.9095473e-03
  3.3373202e-04
 -3.7749583e-01
  2.6510650e-04
 -8.2436891e-04
 -4.5940834e-01
 -4.3636977e-04
 -1.4743404e-03
  4.4798928e-01
 -1.1604561e-01
  1.6175073e-01
  1.5398239e-01
 -1.0443580e-01
  3.6092483e-02
  4.6770785e-02
 -6.8481612e-01
 -1.8508723e-02
  4.8071580e-04
  5.4960288e-03
 -4.3348333e-01
 -1.4884870e-04
 -3.8356125e-01
  2.2101678e-01
 -4.5852655e-01
 -4.7853157e-01
  6.3693721e-04
 -8.7632070e-05
 -3.9323693e-04
  4.5691384e-05
  4.0407274e-05
 -1.1008715e-03
 -7.5277269e-02
 -1.8095141e-04
  1.2159345e-05
  4.9737087e-03
  4.8847403e-04
 -2.5468136e-04
  1.3494185e-03
 -9.3661642e-05
  4.0851671e-02
  3.5740325e-04
 -1.4839518e-05
  2.2846882e-03
 -3.9380975e-05
 -5.3601056e-02
 -6.4864314e-01
 -2.9037180e-04
  1.2509144e-03
 -2.2525470e-05
  1.5915185e-02
  3.3549466e-03
 -8.3734784e-03
 -3.8120791e-01
  2.9462364e-01
  5.3298527e-01
 -5.3532014e-05
 -1.3892554e-03
 -6.5111213e-05
 -3.0128635e-04
 -4.4641341e-04
  2.1264419e-05
 -1.8452834e-05
  9.5557672e-04
 -6.6445261e-04
 -9.2271737e-05
  8.7058310e-05
 -1.8295902e-06
 -6.5216791e-06
  2.1262138e-04
  1.5680930e-04
  1.5474469e-04
 -4.0239556e-04
  8.8744171e-05
 -3.8930302e-05
 -6.5463442e-01
  3.2889657e-05
  9.4484340e-06
  9.5999464e-02
  2.9452580e-01
  8.0423839e-02
  3.3886143e-04
  2.7770194e-04
 -4.5171785e-04
  1.4273904e-01
  5.3993162e-02
 -6.9555805e-05
  6.3052622e-04
  6.6139066e-04
  2.3931141e-04
  1.5281397e-01
  3.0657113e-01
 -2.0644749e-05
  1.8462892e-05
 -5.2894471e-04
 -7.4215604e-05
 -2.0757873e-04
  6.1812275e-04
  4.6779693e-05
  4.4050647e-04
  1.5535752e-05
  6.4271408e-05
 -2.3424884e-05
  9.2561146e-05
 -6.7299401e-04
 -2.6599327e-04
 -2.1456648e-05
  2.4106916e-05
  1.1445674e-04
 -1.1547296e-04
 -2.4653161e-01
  7.0941700e-05
  4.2594039e-01
  2.5709903e-01
 -1.0293385e-03
 -2.0477247e-01
 -2.6756611e-02
 -3.8015924e-02
  1.0387189e+00
  3.3225000e-01
 -8.0836010e-01
 -2.2096866e-01
  1.1294975e-02
 -1.5307215e-04
  4.4619839e-04
  1.4949794e-04
 -6.9654576e-05
  1.0347546e-02
 -1.3852718e-03
 -1.5446733e-04
 -4.3901462e-02
 -7.1226908e-03
 -2.1741299e-04
 -8.2535052e-04
 -1.5609262e-04
 -1.6665945e-04
  3.0488186e-04
  2.2124123e-05
 -2.0163858e-02
 -1.8373948e-04
  5.0644089e-02
 -3.3156550e-01
 -4.2013753e-02
  3.9022720e-01
  4.5160856e-02
  1.2855074e+00
  6.0175991e-01
  4.4387747e-03
  1.2075830e-04
 -1.2718233e+00
 -3.2397982e-02
 -1.2173713e-03
  1.3472994e-02
  1.5502802e-01
 -1.0535922e-04
 -1.4289401e-03
 -6.5779797e-04
 -1.6553187e-01
  1.8156787e-03
 -4.0985800e-02
  2.8916306e-06
  1.2559168e-05
 -8.6513348e-04
  5.6415255e-04
  2.8525616e-04
  1.8057428e-01
  1.2153883e-05
 -2.8729661e-05
 -3.4808079e-05
  2.7678248e-05
  6.0471521e-05
 -2.2968027e-04
  8.4968458e-05
  7.7711782e-05
  1.6831431e-04
  1.4907210e-03
  5.6503323e-04
 -2.5240417e-05
 -3.8685635e-04
 -8.8426605e-04
 -5.3656334e-04
 -1.4664527e-04
  3.5239183e-04
  1.7413331e-02
  9.9470047e-03
 -5.3141087e-02
 -9.6975440e-05
  2.0337819e-04
  2.7812284e-04
  4.6469744e-05
  9.3056168e-04
 -3.7481092e-04
 -2.1302547e-05
 -5.2519081e-05
 -2.4588471e-06
  6.3855741e-03
 -1.1258016e-02
  2.8491886e-05
 -4.7421720e-05
 -5.3588414e-05
  1.7963289e-04
 -2.3759603e-05
 -3.7722486e-05
 -2.7159016e-04
  4.1279578e-05
  1.2747321e-01
  4.7277591e-01
 -5.1178784e-05
 -1.1173136e-01
 -7.0407324e-02
 -8.5645849e-01
  9.0426579e-02
 -9.0794722e-03
  4.6413296e-04
 -3.2369772e-01
 -4.1574929e-02
  3.2170635e-04
  3.4512728e-04
 -6.0420489e-04
 -1.6946184e-03
 -2.9488554e-04
 -3.3266257e-04
 -5.9827045e-05
 -2.1627524e-05
 -1.0306282e-05
  1.3225762e-05
 -4.9996318e-04
  7.5376025e-05
  4.1253323e-05
 -2.3268558e-04
  2.3811057e-04
 -1.5029666e-04
 -4.0827465e-05
  2.6109407e-04
 -5.5505463e-04
 -1.4097763e-04
 -9.5080279e-05
 -2.7445907e-04
  3.7067820e-04
  8.4543142e-05
 -5.2797873e-02
  1.2183821e-01
  8.1815690e-02
  3.8842416e-01
  1.3272332e-01
  1.4389667e-01
 -1.2463221e-03
 -1.7798583e-01
  4.7749710e-01
 -2.8660530e-01
  1.8539362e-01
  7.8342803e-02
  1.0910809e+00
  2.2444762e-03
 -6.2797695e-02
  4.2730987e-01
 -3.5526972e-02
  4.2765400e-01
 -8.7163799e-02
 -1.7538352e-01
  1.7048481e-04
  4.5925751e-01
 -1.1987695e-01
  1.0697682e-03
  3.2961881e-01
 -5.8999215e-04
 -7.5363116e-03
 -2.7786133e-01
  6.9477671e-01
 -1.2914541e-01
 -5.7605337e-02
  5.4932165e-01
 -1.0530508e+00
 -9.1060244e-02
  1.0709956e-03
 -3.3020163e-01
  4.4349551e-02
  4.8735768e-02
 -9.6014053e-02
 -2.9734522e-01
  8.6203359e-02
  1.3146454e-02
 -1.4042364e-02
 -8.5601933e-02
  2.3606537e-02
 -5.5827135e-01
  2.4386729e-01
  6.5876712e-04
  1.0996513e-04
  2.2968252e-01
 -1.0284455e-02
  1.5385769e-03
 -2.9451936e-04
  6.3132308e-04
  2.8006476e-01
  2.4994439e-05
  2.1598746e-04
  2.3906274e-01
 -1.1173591e-04
  2.6978267e-04
  9.7981021e-05
  2.2515997e-05
  3.1753802e-01
 -4.8614250e-04
  1.6438095e-01
 -1.2700814e+00
 -3.8009888e-01
  3.6546794e-01
  3.4814406e-02
  3.3246289e-04
 -9.4769979e-01
  1.7588921e+00
  4.4494133e-02
 -1.1876965e+00
  5.6701308e-01
 -1.9358897e-01
  2.4606864e-04
  9.8271275e-01
  1.9887291e-04
  9.2065238e-05
 -1.6862292e-04
 -2.2993695e-04
 -2.3717237e-01
 -1.6188416e-06
 -2.6952240e-01
 -2.0623985e-03
  7.4787205e-03
 -3.8649840e-04
 -4.7853141e-06
 -3.5026720e-01
 -2.5218403e-02
 -2.5083302e-05
  1.4626101e-01
  1.3173984e-03
  7.1468661e-05
 -1.5356475e-01
 -4.3940344e-01
 -1.0256165e-01
 -1.2390206e+00
  5.5599932e-02
  4.0259400e-01
  7.9551595e-01
  2.5874674e-01
 -6.5746762e-02
  3.5461834e-01
  8.3976141e-05
  1.3910403e-04
  2.3953085e-01
  4.9703151e-02
 -5.3752860e-04
  1.3967371e-01
  1.0752543e-01
 -1.7888693e-04
  3.4844299e-04
  1.0636901e-03
 -7.9740735e-04
  4.4618191e-05
  7.1207847e-04
  6.4393877e-05
 -1.0453416e-04
 -3.5749102e-01
  1.7022755e-04
 -2.1296970e-05
 -4.3318424e-04
 -1.3629456e-05
 -1.2341778e-04
 -2.0373028e-04
 -9.4473929e-05
 -2.5454655e-04
 -8.8378911e-05
  2.3726083e-01
 -1.6015165e-03
  7.9679392e-02
 -1.8616641e-01
  6.7038188e-04
 -2.3975456e-02
  1.5336082e+00
  4.4490480e-01
  1.3085278e+00
 -1.8352419e+00
  2.1411143e-01
 -1.4503584e-04
  7.1727639e-01
  3.3931086e-05
 -2.5704442e-04
 -3.8296280e-03
  4.0792297e-06
  3.4312687e-03
  7.9977338e-04
  1.5229927e-04
  6.6664965e-05
 -8.6676240e-02
 -3.1355914e-02
 -2.0634597e-03
  3.9987121e-05
  5.4818531e-03
 -2.8485277e-01
  6.5981454e-05
 -4.5862000e-02
  1.3363984e-01
  1.2923487e-01
 -6.6507107e-04
  3.0777479e-02
  9.9607788e-02
 -3.6206612e-01
 -1.9909799e-01
 -3.9123755e-02
 -1.6621017e-01
  4.3390456e-04
  8.8035211e-02
  4.2518985e-01
 -1.4137558e-04
 -9.8074133e-06
  1.5276009e-01
  9.4284333e-02
 -1.9692410e-02
  8.4764361e-02
  5.0614749e-06
  7.7067048e-04
  8.9209301e-05
  1.1352199e-03
 -8.2143139e-05
  1.4397767e-04
 -4.1956574e-04
 -6.4789969e-04
  4.1238926e-03
 -1.6413521e-04
  2.3932729e-04
  4.2030658e-04
 -9.3065726e-05
 -1.0819601e-04
 -2.6607619e-05
  1.2435145e-05
  2.3575233e-04
 -2.2833298e-04
 -2.4247929e-04
  9.1025155e-05
 -2.6350192e-04
 -5.7405821e-04
  1.1601230e-03
  2.0193795e-04
  1.2105045e-04
 -2.1553789e-05
 -2.3175386e-04
 -2.3643561e-02
  2.6636478e-01
 -7.9471109e-05
  3.1418461e-04
 -1.1547207e-04
 -2.7076784e-04
  6.9261987e-05
  6.2971005e-05
  1.4520872e-04
 -5.0441267e-05
  3.3696560e-05
  7.6720025e-05
  7.2001858e-05
 -8.3812272e-05
  2.5598140e+00
  3.0151397e-05
  6.2922460e-05
 -4.8379705e-05
 -2.3755900e-04
 -7.6368615e-06
  1.1731201e-04
  7.6338399e-04
  5.8901060e-04
 -2.5477257e-05
  3.4172833e-02
  4.6054079e-04
  1.9259361e-04
  3.2603496e-04
  3.9317605e-05
  2.7122025e-05
  1.8744770e-03
  2.3537363e-04
 -4.2926951e-04
  1.9027600e-03
  2.5144054e-04
  2.1643436e-05
  1.0432782e-04
  1.6886042e-04
 -1.4461339e-05
 -2.4282486e-04
  1.4548044e-04
 -3.2702577e-05
 -9.0383641e-05
  2.7747857e-04
 -1.5086033e-04
 -1.1577774e-04
 -9.0430513e-05
 -2.3207891e-05
  1.1120520e-04
 -4.0299521e-04
  6.2700143e-05
  2.1387894e-04
  8.3258572e-05
 -1.5745961e-04
 -9.2622620e-05
 -2.7041178e-04
  4.4379698e-04
  5.3836592e-04
  8.8357519e-05
  1.0831815e-06
  2.8218543e-05
  1.1113306e+00
 -9.7460223e-05
 -5.2681048e-06
  3.7140337e-05
 -7.3326359e-05
 -1.2834575e+00
  3.7534855e-04
 -1.7901318e-04
 -6.4275249e-05
  1.3325103e-04
 -5.5230275e-04
 -4.7681238e-05
  3.6331060e-04
 -1.7074522e-04
  1.8310247e-05
  1.9142980e-04
  3.7742582e-05
 -3.2662824e-04
  9.0694506e-05
  1.4451990e-04
  4.0984002e-04
 -7.0986927e-05
 -3.1977135e-04
 -6.4153421e-05
  1.5695468e-05
  2.6820469e-05
  1.0115457e-03
  9.9808065e-05
  1.3029550e-01
  4.7221708e-01
 -2.3712374e-04
 -2.3806161e-04
  7.2544164e-05
  1.2665472e-04
 -2.0576148e-05
  2.3260563e-04
  1.3947887e-04
 -1.7123914e-04
  3.0661952e-02
 -7.7401251e-05
 -6.2060170e-04
  1.4638948e-01
 -1.1541171e-04
  1.1735099e-04
 -2.2775438e-04
  1.7118937e-05
 -5.9274689e-04
 -3.3520724e-04
  3.7171365e-05
  6.0869923e-05
  3.6697591e-05
 -1.8152705e-04
  9.5358948e-05
 -3.8312995e-05
 -4.6071564e-05
 -9.0533489e-05
  8.0513651e-05
  1.1392013e-04
  1.8396585e-04
  3.5977067e-04
  2.9662307e-04
 -2.2817421e-04
 -2.7570307e-01
 -1.1840775e-04
  2.2431922e-03
  1.0074858e-01
 -4.4674193e-04
 -1.3438826e-04
 -2.3989605e-02
 -7.1592683e-01
  3.6722139e-02
 -1.2748096e-04
  1.1425960e-04
  1.1350313e-04
 -3.0712123e-04
 -1.2431676e-04
 -1.5301293e-05
 -1.0356485e-04
  3.7532813e-05
 -8.0463703e-04
  5.3632561e-05
  3.2254308e-04
 -4.8321850e-05
 -1.3510692e-05
  3.5134104e-05
 -1.2500522e-04
 -3.7904544e-04
  1.4678121e-04
  1.7305357e-04
 -1.1051353e-04
 -1.2982222e+00
  6.3866981e-05
 -7.3511177e-04
  2.1411654e-01
  1.6999556e-01
  7.4246280e-02
 -1.2557258e-04
  3.1087252e-01
 -1.3892227e-04
  2.5385593e-03
  2.0933179e-03
 -8.2539977e-04
 -5.5477081e-05
 -1.9301439e-04
  4.6930611e-05
  2.9698611e-05
 -2.8885990e-01
  9.0909161e-05
  1.2165991e-04
  3.9424910e-04
 -5.7596055e-05
  6.6732039e-04
 -8.0600636e-05
 -4.5254230e-05
 -1.0303748e-04
 -7.1852542e-06
  6.3146239e-05
 -3.4839060e-05
  2.5583569e-05
 -1.0071917e-04
 -2.9671306e-04
  1.4814634e-06
  7.0062970e-06
 -1.4438792e-04
 -1.4922413e-04
 -1.4711572e-01
  1.1180700e+00
 -2.4140089e+00
 -2.2619581e-01
  5.7893336e-05
  1.8168310e-02
 -1.3861361e+00
 -7.9444230e-01
  8.3122283e-01
 -2.2261393e-01
 -1.6067266e-01
 -9.2179829e-04
 -9.8446864e-05
  2.7178189e-01
  1.1136651e-03
  2.9240551e-03
 -2.8871599e-01
  1.8266347e-01
  9.6916032e-01
  1.5963361e-01
 -2.3685732e-06
 -6.7440748e-01
 -1.5594138e-05
 -1.7699291e-01
  3.5198998e-02
  7.0706308e-01
 -3.9759859e-01
  6.2372210e-04
  1.5547474e-01
 -7.0699537e-04
 -7.1287912e-01
  6.9257295e-01
 -9.8920107e-02
 -1.6848850e-01
 -1.3237512e+00
  2.2651244e-02
  6.4903855e-01
  4.2007319e-03
  8.1365891e-03
 -6.3577443e-01
  2.6790982e-01
  1.4152451e-04
  4.1529175e-02
 -8.6155310e-02
 -2.8444277e-04
  4.3053357e-03
 -1.6242218e-01
  1.7055780e-04
 -1.0681256e-04
 -1.8418270e-01
  5.2391497e-05
  1.1063024e+00
 -3.8256523e-05
 -4.2010255e-05
  1.8096657e-04
  3.0264577e-01
 -2.6659609e-04
  1.3023497e-03
 -1.9403899e-04
  2.6752550e-05
  1.4035871e-04
 -1.8705092e-05
 -1.0911567e-03
  5.3453729e-02
  2.8276839e-04
 -2.7998281e-04
  1.5841685e-04
  4.0649652e-06
 -2.1465621e-03
 -5.8785054e-06
  5.0758757e-04
  1.2251176e-04
 -6.4387765e-05
 -9.3122106e-04
 -2.7275129e-04
 -1.9584066e-04
 -1.3911437e-04
 -1.5526965e-04
  6.6345332e-05
  5.1121071e-05
  4.6643522e-06
 -2.2779840e-04
 -6.2453801e-05
  8.1873121e-04
  3.9491904e-04
 -1.7325608e-03
  4.9600587e-08
  2.8157383e-04
 -2.8914373e-04
  2.0077285e-04
  1.0014261e-04
  4.1408930e-04
 -2.7860406e-05
  1.2942498e-05
  4.3965169e-04
  4.9967249e-04
 -6.1103542e-06
 -1.5941047e-04
 -7.2172035e-05
  2.8607665e-04
  8.8972491e-05
  2.8441320e-04
  1.0858255e-04
 -9.8299344e-05
  5.0541462e-04
  3.3093272e-03
 -5.6525754e-05
  3.2143027e-04
  4.6853768e-04
 -5.8082322e-05
  4.6134327e-04
  5.1259476e-04
  1.8496843e-04
  5.2666615e-05
  1.9885083e-04
 -3.5574994e-05
  1.8963781e-05
 -4.2136562e-06
 -2.9541407e-04
  1.3414297e-04
  1.6168418e-04
 -1.0430104e-05
  3.5708337e-05
 -6.1797400e-05
 -7.9667461e-06
 -1.5575977e-04
  4.0774172e-05
  5.8787916e-04
 -5.9258993e-05
  6.6778745e-04
  1.5881102e-01
 -6.0520382e-03
 -1.2716256e-01
  2.0047519e-01
  6.9592118e-02
 -3.3615163e-01
 -1.0954639e+00
  9.6416429e-02
  5.0142062e-01
 -1.6637921e+00
 -6.5401089e-01
  7.9113473e-05
 -9.2701066e-01
 -8.0674596e-02
  2.9293587e-04
  9.0859801e-02
  2.1575256e-01
 -1.7239066e-03
 -1.0934761e-01
  1.5140523e-02
  3.7334823e-05
 -8.6124390e-01
 -5.7150316e-01
 -1.0048746e-01
  1.7586444e-02
 -1.4918230e-01
 -2.9775336e-01
 -3.9413470e-01
  5.1218038e-05
 -1.1820413e-02
  6.2986529e-01
 -5.1976436e-01
 -2.9881467e-04
 -4.5225576e-01
 -2.2467332e-02
  5.7150196e-06
 -1.5872921e-01
 -4.0524829e-02
 -6.4511470e-02
  1.2517351e-01
  4.3484005e-01
  1.1649694e-01
 -4.7119978e-01
  1.3181399e-01
 -6.1032706e-01
  2.3742814e-01
  1.5314516e-01
  3.2036700e-05
 -5.8606565e-05
 -1.7461332e-04
  9.4360148e-05
  5.2133147e-02
 -7.5017611e-05
  5.0148454e-05
  2.1967140e-04
  7.4406555e-05
 -4.4807905e-04
 -2.8665352e-04
  9.6728618e-05
  2.2247232e-05
 -1.9288102e-04
  6.5435609e-04
  5.7875157e-05
 -1.8533616e-04
  2.8918934e-04
  2.0294321e-01
  1.7142825e-01
  4.3231893e+00
 -1.2370235e+00
 -2.2254811e-01
  6.7634426e-02
  3.1984451e-01
 -3.0534026e-01
 -1.1790410e+00
 -9.5036268e-01
  1.0672468e-01
  2.3719347e-04
  8.4377640e-01
 -2.7958891e-01
 -8.2370174e-01
  1.3196237e-01
 -4.8066774e-01
  1.0677508e-02
 -9.4737850e-02
 -1.5855091e+00
 -2.6819262e-01
  2.1219458e-01
  1.5028145e+00
  6.5362852e-05
  4.2765044e-02
 -3.2796267e-01
 -3.7346411e-01
 -6.7910857e-02
  7.8929549e-01
 -5.5617053e-02
 -6.9901131e-02
  5.0217789e-01
 -3.0772281e-01
  1.5657062e-02
  7.6231427e-02
  4.3653303e-01
 -2.4226712e-01
 -1.2266637e+00
 -5.0603580e-01
  2.6338249e-02
  1.3669610e-01
 -1.8263605e-01
 -7.5158596e-02
 -8.7020598e-02
  6.2647492e-02
 -5.1255792e-01
 -2.7953723e-01
 -1.1708376e-04
 -1.4409250e-01
 -3.4568012e-01
 -5.3638109e-04
  3.9023948e-01
 -7.5671362e-04
  1.3648834e-04
 -2.5350854e-04
 -5.3913508e-02
  2.9872553e-04
 -2.6543878e-04
  4.2514985e-06
 -4.0198782e-05
 -1.4464551e-02
 -1.3452212e-04
  7.2353438e-02
  5.9294958e-05
 -3.3792778e-04
 -1.1819744e-04
 -6.3231542e-05
  3.6784320e-05
 -1.2805278e-04
  2.7399277e-05
 -3.7587114e-04
 -1.5526923e-05
 -2.8859812e-04
  2.8803071e-04
  5.0293438e-02
  4.3205582e-05
  2.9297650e-04
 -1.0375979e-04
 -4.2157976e-06
 -7.4092131e-05
  4.4479573e-04
 -1.6517294e-04
 -5.0165076e-05
  6.4257350e-05
  4.3638072e-05
  5.3716020e-04
  2.6923401e-05
 -3.0194831e-05
 -7.6722215e-05
  2.3853708e-04
  3.0450919e-04
  3.1889313e-06
  1.1895211e-04
  2.1071656e-04
 -9.3302398e-05
  6.4926724e-05
 -1.9069041e-05
 -1.6198397e-05
  3.7294879e-04
  4.3151967e-04
 -6.8640467e-05
 -4.9714092e-04
 -4.5080309e-05
  2.8237784e-01
 -2.0319376e-05
 -1.4415142e-04
 -6.1063634e-05
  5.9776376e-05
  1.0447961e-04
 -6.0774524e-05
 -1.8919853e-04
 -3.8612422e-01
  6.9346017e-05
 -9.6440301e-05
  2.6556035e-04
 -4.1060528e-05
  3.6667258e-05
  4.5965138e-05
 -2.2470749e-04
 -2.8385344e-05
  4.4876419e-05
  1.9945142e-04
  1.4222061e-04
  1.6254959e-04
  1.1583148e-04
 -2.0178448e-04
  3.2221200e-05
 -3.2927838e-04
 -3.1966480e-04
 -2.4059787e-04
  7.6883525e-04
 -7.4525375e-04
  1.4385213e-04
 -4.0041452e-04
  1.1168036e-04
 -2.3529639e-05
  1.8270715e-04
  1.8099062e-04
  9.7563738e-05
 -5.9630351e-05
 -1.6445277e-04
  6.4801141e-05
  5.0516368e-04
  3.1016662e-06
  5.3302843e-05
 -2.6685359e-05
 -1.3713626e-04
  2.3393378e-04
 -6.6948400e-05
 -3.4105632e-04
 -8.7060725e-05
  1.6985218e-04
 -1.9005347e-04
  1.1481279e-05
 -7.4981530e-05
 -2.4607803e-06
  2.1831174e-05
 -2.0795387e-04
 -1.7938962e-04
 -1.3217071e-05
 -3.0766829e-04
  2.3000521e-05
 -2.2545941e-05
  1.8521844e-04
 -4.4593075e-04
 -2.8328055e-05
  9.5551986e-05
 -3.7012640e-05
 -8.3875442e-05
  6.0797064e-04
  2.3171509e-05
  1.7732567e-06
 -1.1287822e-04
 -3.1819665e-05
  2.4208659e-06
 -1.7906682e-04
 -5.8731058e-04
 -1.6768182e-04
 -4.2190638e-04
 -5.7963101e-04
  6.0261453e-05
 -3.1988104e-05
 -1.8292027e-06
 -5.0989478e-05
  1.8975012e-05
 -1.3678778e-04
 -3.8633912e-05
  1.1057471e-04
 -2.9027295e-05
 -1.0496730e-04
  9.2623035e-05
 -3.4772337e-04
  2.3166586e-04
 -5.6590779e-05
  1.9870095e-04
 -9.3242413e-01
 -1.9445837e-02
 -1.8828687e-01
 -2.8202972e+00
 -2.5602993e-01
  7.3458499e-01
  1.1871933e-01
 -2.0088650e-01
 -3.4573001e-01
 -8.1378018e-04
  8.2866251e-01
  2.1579457e-04
  6.2425761e-03
  6.6563423e-04
 -1.2108147e-05
 -7.6520585e-02
  9.2805538e-04
  2.2760306e-01
 -3.8928069e-02
 -4.1300624e-05
 -7.8866811e-05
  1.8396340e-01
  1.0565706e+00
  8.1826525e-05
  1.1389089e-01
  5.0916499e-01
  5.6550787e-05
  9.6074367e-01
  6.0876215e-01
  1.1692279e-01
 -2.4354134e+00
  5.9144634e-01
  5.0588496e-02
  2.8489731e-02
 -9.6706682e-01
  2.1524733e-02
  1.6113924e-02
  2.1705833e-01
 -4.4359644e-05
 -3.4227115e-01
 -1.1226156e-01
  3.5382408e-01
  2.6173541e-01
 -4.3132663e-02
 -4.8767352e-01
 -6.6114515e-01
 -9.0837497e-01
 -1.8584439e-04
 -1.1238992e-01
  5.7461089e-05
 -2.3368390e-04
 -9.1292210e-02
 -2.0443518e-03
 -1.2451025e-04
 -4.3551857e-03
  2.0858413e-04
 -1.6577459e-04
 -2.5324302e-04
 -2.7636680e-04
  1.9504063e-04
  2.8767492e-04
 -2.2628794e-04
 -2.0062733e-05
  3.0068596e-04
  1.5680560e-05
  9.6387053e-01
 -8.2946075e-03
 -1.8133056e-01
  8.1102467e-01
  1.0726253e+00
 -1.4308522e+00
  6.2155861e-01
  2.5024254e+00
  2.3832474e+00
  1.1566883e+00
  1.4383365e+00
  8.5081338e-05
 -8.2174098e-01
 -7.6289973e-05
 -7.5884454e-05
  5.8789313e-01
  2.7203310e-01
 -1.5180623e-02
 -1.6879189e-03
  2.7771090e-04
 -1.0217658e+00
 -2.9609972e-01
 -5.0795786e-03
 -2.8359849e-04
  6.7103007e-05
 -1.2701564e+00
 -6.2373066e-01
 -1.6460654e-03
 -3.3399096e-01
 -2.7655432e-01
  2.9493963e-02
  4.4636789e-01
  1.1730613e+00
 -3.0075747e-01
  2.1788585e+00
  1.7388314e-02
 -5.5854186e-02
  8.7466586e-01
 -1.1330392e-04
  1.0477647e+00
  5.3388160e-01
 -3.5057622e-01
 -1.6399851e-01
  1.7549877e+00
  2.3867113e-04
  4.1382626e-01
 -4.0451296e-02
  5.3412549e-04
 -2.0117468e-01
  6.6937268e-01
 -4.9684767e-04
  1.1612158e-05
 -3.7739138e-04
  2.4321387e-04
 -1.5438904e-01
 -1.1933135e-03
 -1.8599704e-04
 -1.9935647e-04
 -4.7089969e-04
 -5.4517372e-05
  6.7423476e-04
  5.1587884e-04
  1.4852514e-02
 -1.3526771e-03
  1.0991126e-04
  7.1277283e-04
 -1.0128007e-04
 -1.3927624e-01
  4.4065106e-05
  1.1270322e-04
 -1.7179853e-04
  2.6816924e-04
 -5.9946553e-05
 -1.5988604e-03
 -1.6385749e-02
  3.7945256e-02
  2.4112445e-05
  3.1971224e-05
 -3.0972596e-04
 -4.7655874e-05
  2.5142307e-04
  1.4308638e-04
 -1.0771001e-04
 -6.8477407e-04
 -4.6970848e-02
 -2.0085140e-04
  5.5675435e-05
  2.0923460e-04
  8.1657774e-05
  4.5423015e-04
  2.3975159e-04
  3.1761905e-05
  6.8170622e-05
  5.6838093e-04
 -1.6975578e-02
  4.4197235e-03
  3.9126006e-01
 -4.8456001e-05
  6.4305160e-03
  8.6274391e-05
  1.8494700e-06
  1.5531708e-01
  3.5639369e-04
 -3.5081393e-04
  6.7355148e-02
  5.2974023e-02
 -2.4207440e-04
 -2.3260095e-06
  2.7408139e-06
  1.7854869e-01
 -7.5697005e-02
 -4.1207597e-03
 -1.2571721e-04
 -3.5253979e-05
 -7.2183798e-04
  2.3449503e-04
  1.7870081e-03
 -5.5762310e-05
  4.1529293e-05
 -2.7899385e-05
 -4.7047838e-04
 -1.3994152e-04
  1.1990167e-04
 -1.0312176e-04
 -2.5618976e-04
 -1.0765906e-04
  1.8278175e-04
  1.2854428e-04
 -6.6474094e-03
 -1.7768125e-05
 -3.7436647e-04
  2.0357195e-04
 -8.7021314e-02
  5.2527699e-04
  4.0439022e-04
 -7.1930423e-02
 -9.3220864e-05
  5.3572725e-04
  1.1224817e-02
  7.3110980e-01
 -4.4877279e-01
  1.4239185e-05
  7.5216682e-05
  3.1476215e-05
 -5.4539280e-04
  1.2956667e-05
 -1.3928003e-04
 -1.2425541e-04
  4.1717951e-05
 -1.0541251e-04
 -2.7698534e-06
 -1.7696775e-04
 -6.0236165e-05
  2.6259714e-04
 -1.5795826e-05
 -1.3670430e-04
  5.0436059e-04
  1.0396411e-04
 -8.6779663e-05
 -1.3110350e-03
  1.5313328e-04
 -7.1056378e-01
 -2.7764845e-04
 -1.0558442e-03
  8.4747297e-01
 -5.3062249e-05
 -3.2385555e-01
  2.9643482e-01
 -6.1929088e-05
  5.1039255e-01
 -1.8299952e-05
  3.1905851e-04
  3.9286070e-02
  3.6149108e-04
  1.4137260e-04
 -1.0943921e-06
 -2.2698204e-04
 -5.8068297e-05
 -2.8718343e-05
  4.9204918e-05
  1.9110230e-04
  8.3169970e-04
  1.0992320e-04
  1.1982787e-04
 -3.9934661e-05
 -5.4571898e-05
 -3.7007092e-04
  9.5144147e-05
  2.7151796e-04
 -2.4944578e-05
  5.9180780e-05
 -2.3534427e-05
 -6.7400317e-05
 -1.6360675e-04
  3.6853118e-05
 -9.5395640e-02
 -7.2196563e-05
 -1.8082820e+00
 -5.7176477e-01
  7.8746818e-02
 -6.2972069e-04
 -7.0941705e-01
 -5.4391898e-02
  4.7222871e-01
  2.2695352e-01
 -9.6112758e-01
  5.7264915e-05
 -1.0886565e-03
 -1.0607767e-04
 -1.5009560e-03
  7.4460208e-05
 -3.6870101e-01
  1.4207145e-04
 -5.5666842e-05
 -2.4907993e-01
 -1.5323253e-04
  1.2574803e+00
  4.5196788e-04
  5.1922008e-05
  1.2812722e-02
 -1.1342429e-04
 -5.5313652e-04
 -2.5549292e-04
  7.1190108e-05
 -4.2227929e-04
  2.0050253e-01
  4.5140469e-06
 -1.4641313e-04
 -3.7994780e-04
  3.8278546e-02
 -1.5378797e-04
 -9.9719465e-01
  4.6637383e-01
 -8.3249935e-05
 -1.7222147e-01
 -1.0985292e+00
  3.1036485e-04
 -1.2678542e+00
  3.0703667e-01
 -1.3020472e-01
  1.3091737e+00
 -1.9244799e-01
 -3.7294289e-04
  9.7296594e-05
 -1.1526185e-04
 -1.0117223e-03
  9.4965642e-04
 -1.9316273e-04
  2.2640519e-04
  1.0949178e-04
 -3.7439164e-05
 -2.3658555e-04
  1.6314936e-05
 -1.7831282e-04
  1.4998965e-04
 -8.4697567e-05
  1.3872386e-04
  1.4160459e-03
 -8.6103939e-04
  4.2762684e-05
 -9.7909540e-02
  5.4330504e-01
  5.6071531e-02
  8.9755222e-02
 -6.2651700e-01
 -1.3209416e-01
 -7.6974094e-01
 -9.3366034e-02
 -5.6527603e-01
  6.4602882e-02
  1.6774209e+00
  3.0884702e-02
  7.7489120e-01
  4.9005682e-04
 -8.3466555e-05
  2.7161726e-04
 -4.8550785e-01
  1.5703008e-01
 -3.9702922e-01
  3.3841833e-01
  3.5015431e-01
  1.0761489e+00
 -3.4395358e-01
 -3.4374913e-05
 -1.0314913e-04
 -1.1078767e-03
  7.4825144e-01
 -3.4133378e-01
 -2.0298849e-01
  5.6894499e-01
 -1.1899086e+00
 -5.6980902e-01
  4.0372598e-01
 -2.0434128e-01
 -5.8490819e-01
  7.2220016e-01
  2.8295514e-01
  9.4957465e-01
  1.9000574e-04
 -3.8899451e-01
 -1.3146901e-01
 -4.9002030e-01
 -2.6075491e-01
  1.5742304e+00
  5.1230264e-01
  4.2977163e-01
  6.9271289e-02
 -6.9732567e-05
 -4.2317823e-01
  2.3002426e-01
 -4.0273564e-05
 -1.0730941e-01
 -1.7041764e-04
  2.7313495e-01
 -1.3313939e-07
  3.2628351e-01
 -2.7121712e-05
 -4.5880202e-05
 -1.1689965e-05
 -1.3916373e-05
  1.0664614e-03
 -5.1664359e-05
 -7.9178739e-05
  1.1374688e-03
  7.5623684e-05
  6.8458356e-04
 -6.9437105e-05
 -6.6362125e-01
 -8.9241880e-01
 -5.7103095e-04
 -4.3124330e-01
 -1.5732796e-06
 -3.7338540e-02
  5.9456718e-01
 -1.3613015e-04
 -3.8439158e-01
 -1.2715963e-04
  4.7564955e-04
 -3.2572079e-05
  2.0870281e-04
  2.8452236e-05
  4.3307239e-04
 -4.1914987e-05
  4.7692563e-04
  8.7899283e-02
  4.4309290e-05
  2.8971792e-05
 -4.7853714e-04
 -4.7823679e-04
 -6.9774175e-04
 -3.2782493e-05
 -4.4033788e-03
 -7.2841300e-05
 -6.9121968e-05
  3.2247313e-05
 -6.6889215e-01
  1.6396622e-04
  7.5971540e-05
 -2.9567418e-01
 -1.2280869e-04
  3.2783225e-03
 -6.3711983e-01
 -1.6487371e-04
  2.2790836e-04
 -4.5157707e-01
  8.7027901e-01
  3.5425681e-01
  2.4014588e-03
 -4.9250073e-05
  6.5424378e-05
  2.6126122e-01
  1.3786583e-03
  2.4420719e-03
 -2.0160315e-04
 -6.5830842e-05
  1.3527511e-04
  1.0806555e-04
 -5.2051060e-04
  5.4045115e-05
  1.4336343e-04
 -1.5045112e-04
 -1.1348639e-04
  7.0249320e-05
 -4.8129488e-04
 -1.9522337e-04
  7.9421035e-04
 -6.7146131e-05
 -4.8932730e-04
  2.7381623e-04
  9.5246025e-05
  8.2983725e-02
 -3.5309380e-01
  1.6138568e+00
  1.0578521e-01
 -1.0185697e-04
 -2.1179247e-01
  8.5007496e-02
  3.1778595e-01
 -6.7415690e-01
 -7.9915363e-01
 -1.5383974e+00
  1.4572529e-04
  5.9988612e-01
  3.9219510e-04
 -4.5093858e-01
  2.9268957e-04
  2.9295206e-01
  1.3055989e-04
  2.3391895e-01
  6.3307458e-01
 -7.8029938e-05
 -3.5013005e-04
 -6.7708731e-02
 -6.9169655e-05
  2.5338414e-03
  1.6947054e-04
 -2.8731713e-01
 -2.9348114e-03
 -3.3868843e-04
  5.3425152e-02
 -6.8838930e-01
  5.3384727e-01
 -2.1354789e-03
 -9.5278943e-01
 -4.0722755e-01
  2.1354454e-02
 -3.8687330e-01
 -2.2294159e-01
  5.2506698e-04
 -5.9647977e-01
  2.5033887e-02
  4.5403987e-03
 -8.6461660e-04
 -1.4571937e+00
 -1.4241111e-01
  3.0998901e-01
  1.6477054e-01
 -1.9323122e-04
 -8.6769566e-02
  4.8979721e-04
 -3.6581166e-06
 -1.1189262e-03
 -7.8521163e-04
  4.3691030e-05
  3.7875368e-05
  5.7357069e-02
  4.9264730e-05
 -7.3487325e-05
 -1.5770142e-05
 -2.7976892e-04
  4.9638827e-05
  5.5267486e-05
 -5.0483580e-04
  4.0845346e-04
  1.1832040e-04
  8.7846255e-01
  6.4508498e-02
  2.7381754e-01
 -4.6725333e-01
  1.1717033e-01
 -9.9390760e-02
 -1.7105378e-01
  5.0382143e-01
  1.3055902e-02
  1.9142093e-01
  1.9516914e-01
 -5.3636146e-01
 -1.3970201e+00
  4.2513315e-02
 -6.1323833e-01
  2.4176436e-02
 -7.0585720e-02
  1.4533515e-01
 -1.0989350e-01
  2.5769661e-05
 -8.0718535e-01
 -1.7033668e-01
 -2.3679851e-01
 -1.0966259e+00
 -2.9041958e-01
 -4.0991175e-01
  1.2021783e-01
 -3.1133938e-01
  5.0136977e-01
 -4.3260866e-01
  1.9512137e-03
 -4.1100875e-02
 -3.2631721e-04
  4.3817960e-02
  8.8685676e-02
 -2.9094869e-01
 -4.5861535e-02
 -3.8408116e-01
 -4.3550643e-01
  1.0060875e-01
  1.5385295e-02
 -6.8378830e-01
 -1.6163960e-01
 -7.0128649e-02
  2.1558851e-01
 -3.6983415e-01
  1.9135687e-01
 -7.3867945e-05
 -2.8213710e-02
  1.0777348e-01
 -9.5743352e-01
  3.2418135e-05
 -6.6670966e-01
 -2.9185056e-04
  2.8776982e-01
  7.8675456e-02
  2.2373848e-04
  8.3594814e-02
 -1.1850167e-04
 -4.5041782e-03
 -1.9547480e-04
 -9.9848614e-05
  4.6641925e-01
 -9.5047116e-02
  5.3480471e-04
 -2.5975806e-01
  1.3060682e+00
  1.2635772e+00
  7.3235077e-01
 -1.2335042e-02
 -1.1053284e-01
 -1.7101820e+00
  1.0511212e-02
  2.0124243e-01
  2.9581592e+00
  1.8815416e+00
  1.0410837e+00
 -7.6200086e-01
  2.9310881e-05
  6.9769162e-01
  7.4910998e-01
 -6.6057849e-01
 -4.1968148e-02
  1.2311897e-01
 -3.8959179e-04
  1.1698872e+00
 -1.6446213e-01
  1.7879088e-01
  3.6786470e-01
  5.3107446e-01
 -2.1455531e-01
 -5.4907161e-01
 -4.7363940e-04
 -7.8925729e-01
  1.3339441e+00
  6.7922586e-01
 -2.1011856e-01
  6.7636997e-01
  2.8542671e-01
 -3.5696712e-01
 -2.2816926e-01
 -6.5269046e-02
  4.4220582e-02
  1.2087272e+00
  4.4044762e-04
 -2.9791226e-03
  2.4579689e-01
  3.2489878e-01
 -1.3980734e-02
 -6.1377868e-02
 -1.2206174e+00
  5.7621753e-01
 -2.2618078e-01
  1.7390113e-04
 -3.3329847e-01
  5.6201428e-01
  1.6415458e-03
 -3.6474277e-04
 -2.6276164e-02
 -1.3758522e-03
  1.8155004e-05
  9.8259246e-04
 -4.2562088e-04
 -2.7615850e-05
  1.1073390e-03
  6.2208674e-05
 -7.7388826e-04
 -2.0025883e-04
  3.0142324e-05
 -3.5865891e-05
 -1.4232909e-05
 -2.0174346e-07
  3.6798464e-03
  2.8160149e-01
 -1.8239846e-04
 -1.1709005e-01
 -9.1269530e-06
 -1.9218154e-04
  1.8099363e-05
  2.6624128e-01
 -1.1421762e-02
 -2.0439838e-04
  4.8936298e-04
 -1.3749085e-04
  1.2063670e-03
 -1.7295260e-02
  8.3521670e-03
  1.0576273e-04
  1.1188254e-04
  3.2384996e-03
 -2.7671119e-04
 -1.1122278e-03
  6.2886560e-05
 -1.9698286e-04
 -8.4800646e-05
  1.3027730e-03
 -6.4123084e-04
 -3.7644830e-04
  7.8276775e-05
  2.5598131e-02
 -5.0017700e-02
 -1.8587598e-01
 -2.0161562e-05
 -3.8152779e-05
  1.9217798e-04
 -5.1526437e-03
 -2.4024665e-01
 -1.9763376e-01
  5.9876616e-05
 -1.0760036e-01
 -9.8941602e-02
  1.0045587e-01
  3.4176666e-02
  1.5681348e-05
 -1.1178073e-01
  4.7918004e-01
  7.0703313e-02
  2.2290302e-04
  2.9651446e-05
 -1.1437055e-04
 -6.6937493e-05
 -3.0381631e-04
 -4.6149959e-04
 -3.1136832e-04
 -3.6903921e-06
  1.1264254e-04
 -4.2602387e-05
 -3.5330572e-04
  2.6010789e-04
 -6.4681299e-05
  1.9398477e-04
  1.8707592e-04
 -9.6348977e-06
  1.0498372e-04
 -1.5388495e-04
  1.4691927e+00
 -1.8615471e-02
  1.0094423e+00
  1.5102061e+00
 -4.4640377e-03
 -3.6007006e-02
 -8.7597609e-01
  2.7910751e-01
 -2.1958530e+00
  7.5942099e-01
 -5.2582508e-01
 -1.2147194e-04
  1.0308745e+00
  5.9708593e-05
  3.6464178e-04
 -4.6672642e-01
 -6.4636834e-02
  7.5286780e-03
 -3.4960243e-01
  4.0857351e-05
  1.5427337e-04
  5.2958304e-01
  9.1492586e-02
  2.3262025e-04
 -1.2936530e-04
  3.4890545e-05
  2.1000148e-01
  1.5376009e-04
  4.9835042e-04
  2.0969525e-01
  2.3449775e-02
  1.3959131e-01
  1.6467497e-01
  6.3813812e-01
  8.7870592e-01
  1.6508836e-04
  1.0558670e-04
  1.3545660e+00
  2.6760066e-03
  1.1664325e+00
 -2.3375233e-01
  2.9267284e-01
  3.1395113e-01
 -8.5084110e-01
  2.1083487e-02
 -1.4610036e-03
  2.0821962e-01
 -3.8236190e-05
 -2.3668943e-05
 -3.9290026e-01
  3.2384333e-04
 -4.9580239e-02
  6.6633285e-05
 -2.2557651e-01
  1.6450509e-04
  2.3843264e-03
  1.0259234e-04
  4.6238495e-04
  1.9054625e-05
  1.5429156e-04
  2.5231150e-04
 -1.6897931e-04
 -1.1473968e-04
 -5.8589148e-04
  2.3818622e-05
 -5.3222559e-04
  1.0086317e-04
 -1.0485058e-01
 -4.0439942e-01
 -4.2213153e-02
  3.7212908e-02
  1.2881478e+00
 -1.1959014e-03
 -3.0177298e+00
 -6.4257078e-02
  8.9678067e-01
 -2.1990848e-01
  6.5925175e-01
  8.0030930e-04
 -2.2844602e-01
  5.9771138e-01
 -2.0316726e-05
  1.8804896e-01
  2.2204379e-04
  3.2777518e-01
 -1.1155908e-01
  5.6354076e-01
  4.4240445e-01
  2.5527419e-05
  2.1687575e-01
 -6.2636423e-06
  8.0432153e-01
 -5.9654481e-05
 -5.0977920e-04
  6.9590977e-05
 -3.7043265e-01
 -1.3101077e-01
 -1.5505934e-03
  9.5045105e-02
  3.4319669e-02
 -1.0649381e+00
 -7.1330541e-01
 -5.6070077e-01
 -8.9753355e-04
  3.3021078e-01
  7.5051956e-02
  2.7093920e-04
  9.8588830e-01
  2.9129204e-01
 -6.1273241e-01
  1.7369765e-01
 -2.5238510e-04
 -3.7856697e-04
 -5.4946762e-05
 -3.7442643e-02
  2.5504795e-04
 -1.4315134e-04
 -2.5736052e-04
  2.1850124e-04
  1.5587176e-04
  3.1231484e-01
 -3.7045782e-05
  1.9227604e-04
 -2.9442343e-04
 -5.9746689e-04
 -9.1450001e-06
 -1.2622314e-04
 -3.7054553e-05
 -2.4675447e-04
  1.7385521e-05
 -4.4077500e-03
 -8.4295149e-05
  3.2245359e-04
 -2.9795416e-05
  2.0923920e-04
 -5.0525111e-04
 -6.6377613e-04
  8.1586033e-05
  5.9030572e-05
  4.0156246e-04
 -9.3273550e-01
  4.5200020e-05
  6.8491543e-05
  2.7728771e-04
  3.0061088e-05
  5.1855545e-06
 -7.9112634e-04
  3.1786558e-04
  1.3542517e-04
 -3.3710734e-05
 -5.9956747e-05
  2.6824200e-06
  3.2235825e-05
 -1.2819945e-03
 -1.3346695e-04
 -6.5431559e-05
 -1.4869042e-04
 -3.4121980e-04
 -5.9095403e-04
  1.3364255e-04
  1.7698310e-04
  5.0759583e-05
  7.2605741e-05
 -5.4194674e-02
 -5.4267748e-05
  7.9809601e-04
 -1.9522046e-03
  5.6914068e-05
 -5.5400687e-06
 -4.6327082e-03
 -1.1206475e-02
  1.1640647e-04
 -1.2136730e-02
  4.2798292e-05
 -1.9582731e-04
 -6.5080542e-04
 -9.2913426e-05
  1.3891910e-04
 -6.6657449e-05
  8.0758211e-05
 -3.4822431e-05
  1.9164664e-04
 -1.4195562e-04
 -5.5503308e-05
  4.7664220e-05
  4.9703882e-05
 -7.1355299e-04
  2.7877325e-04
 -1.5294823e-05
  7.7835439e-06
  1.2786282e-05
  1.4575073e-05
  6.9068854e-05
  7.0426111e-05
 -8.1275481e-05
 -1.4910977e+00
 -3.4358248e-04
 -8.6399738e-04
  1.7631431e+00
  4.6754801e-01
  3.2629933e+00
  6.4118075e-01
  5.7352439e-02
 -9.4399488e-01
  3.6480206e-01
 -2.2568934e+00
 -1.2013479e+00
  8.7630212e-01
  2.4249147e-01
 -1.8819826e+00
 -2.0749757e-01
 -5.9502432e-05
 -4.3804598e+00
 -8.7991990e-05
  2.0209535e-03
 -1.7903285e+00
  1.8097565e-02
  8.8106237e-05
 -1.7634459e+00
 -3.1058478e-01
  8.5872883e-04
  1.0295035e-01
 -3.7051535e-01
  7.7514243e-03
 -1.3113669e+00
 -3.6027643e-01
  7.4018872e-01
 -1.1255853e+00
  6.8184640e-04
  1.1848197e+00
  1.8915066e-01
 -8.4159124e-01
 -1.9035919e+00
 -1.5767998e+00
  2.0142377e-03
  1.1543293e-02
 -4.6559018e-01
 -2.4429415e-01
  2.5717780e-01
  6.0323244e-03
 -3.7802899e-01
  2.3815446e-05
  2.5837594e-03
 -4.1139955e-03
 -1.9417339e-06
 -4.6599007e-01
  4.8219035e-06
  1.0071407e-04
 -9.9276622e-05
 -8.6120963e-05
  9.2915623e-03
 -1.6057496e-03
  4.6875509e-03
 -4.3898562e-04
 -1.5940266e-03
  2.8707890e-04
  9.7902826e-05
  5.3487323e-02
  3.6451769e-05
  1.1081362e-04
  6.6979010e-05
 -2.6225104e-04
  3.7957761e-05
  1.3530707e-04
  2.0622027e-04
 -2.6421275e-03
 -1.1869273e-04
 -1.3139236e-05
  5.1724538e-04
 -6.6971050e-05
 -1.5378860e-04
  5.2230615e-05
  1.3764977e-04
 -9.2001766e-04
 -4.4194478e-04
  8.2214880e-05
 -1.8985025e-04
 -2.1113684e-04
 -5.8571511e-04
  2.0642325e-04
  3.8088812e-05
  1.2727738e-05
  3.9798764e-05
  1.2848589e-04
 -2.9926414e-05
  3.9986020e-04
 -1.9746479e-04
 -6.7266883e-05
  4.3766861e-04
 -9.8950659e-05
  3.4023025e-05
  3.2888789e-04
 -3.3490505e-04
  2.2249349e-06
 -5.8316061e-04
 -3.2085682e-05
 -7.7425524e-05
 -1.5333051e-05
 -8.3538325e-05
  8.5264255e-05
  2.0681559e-04
 -5.2144213e-05
  2.9453056e-04
  7.2024332e-04
  2.5755286e-04
  2.5462589e-04
 -5.6840068e-01
  8.7361848e-05
  5.3368483e-05
 -2.6699527e-05
  1.5361402e-04
 -6.4119835e-05
 -1.9212005e-04
 -5.8518464e-05
  2.2023218e-05
  3.8058258e-04
  5.4497908e-05
 -6.9516659e-04
 -1.7700403e-04
  1.2990183e-05
  1.1014661e-04
  8.7344029e-05
  7.7700162e-05
 -3.7637663e-05
  7.8958547e-05
  9.9254912e-01
 -2.6619542e-01
 -3.4679237e-01
 -2.7667043e+00
 -2.1589889e-01
 -1.8334353e-01
 -2.5683293e-01
  4.8302373e-01
  2.9152879e-02
  1.9789170e+00
 -8.9622992e-01
 -2.2510848e-04
  3.1888455e-01
  3.7596389e-04
 -5.0653639e-04
  2.2157372e-04
  3.3624098e-04
 -2.9356792e-04
 -4.3044525e-01
 -1.0551199e-01
  2.1595888e-04
 -2.9712275e-01
 -3.3401382e-05
  1.9612375e-01
 -8.3056599e-02
 -6.3675982e-01
  5.1752883e-01
 -4.5676333e-01
 -8.6743943e-02
  7.9352949e-03
  2.3753979e+00
  3.2127517e-01
  1.0019251e+00
 -9.3419490e-05
  6.8665987e-01
 -1.2009902e+00
 -1.2156798e+00
  1.2265205e-01
 -7.4359158e-04
  5.8828268e-02
 -1.3033509e-01
 -3.6472243e-01
 -1.2755744e-01
 -4.8851088e-02
  5.2089614e-01
  7.4151255e-02
  6.7084008e-01
  6.1163955e-05
 -1.6351353e-01
  3.7273124e-03
  1.0151854e-05
  6.5624941e-04
 -3.7695230e-05
  1.8481107e-02
 -1.1697715e-04
 -1.5109058e-01
  4.1162115e-05
  4.2069840e-04
  1.3031805e-04
 -3.8777340e-05
 -2.1290300e-06
  1.5814843e-05
 -8.5788874e-05
  9.5886266e-05
 -1.4554059e-04
 -2.3369227e-01
  2.3462315e-04
 -5.6744510e-01
 -3.3808169e-01
 -6.8373908e-04
  4.8925716e-01
  2.0082782e-01
 -8.0046750e-04
 -3.9404441e-02
 -4.1509107e-01
  5.3028852e-01
 -1.4345815e-04
 -1.7343914e-04
  3.8582220e-04
 -7.2609834e-02
 -3.7062662e-05
  3.8222164e-01
  4.8132017e-04
  3.9994484e-04
  2.2861478e-03
  1.0745158e-04
 -3.5962242e-01
  7.9102796e-03
 -1.4544086e-04
  1.1011461e-04
 -7.1783224e-04
 -8.2453094e-05
 -2.2851889e-05
 -5.8351282e-02
 -1.3880031e-04
  6.1491287e-01
  2.0835152e-01
 -3.5294592e-01
  1.8185781e-01
 -3.5791392e+00
 -3.6327380e-01
  7.4463844e-02
 -2.2754955e+00
 -3.7642161e-04
  3.9118484e-01
 -1.7103347e-01
  7.8315431e-01
 -4.4114641e-03
  9.2213482e-02
 -6.5944712e-03
 -8.1092262e-01
 -6.5070519e-05
  5.8848167e-05
 -7.2741248e-05
  1.7124422e-04
 -1.2699375e-04
 -5.9823342e-05
 -7.0079550e-04
  3.9822822e-05
 -4.8593767e-05
  5.2950176e-04
  3.1286522e-04
 -5.0258524e-05
  1.7221886e-05
 -4.4510947e-04
 -4.6492245e-05
 -1.2479562e-05
 -2.8622855e-05
  3.1538785e-04
 -1.0766606e-04
  5.1202881e-01
 -1.5130673e-01
 -5.8160675e-01
 -1.5473040e+00
  4.3935902e-04
  9.9490397e-03
  4.7557395e-02
  3.6246516e-04
 -5.5893922e-01
  1.2820948e+00
 -7.3791814e-01
 -1.0986648e-03
  1.8178008e-04
 -3.8771459e-03
 -1.2926779e-04
  7.1040663e-06
 -2.1032435e-03
  1.0201904e-04
 -6.4158735e-07
 -2.8955512e-02
  2.9663061e-05
 -1.2744014e-01
 -2.0783181e-04
 -1.2242873e-04
 -4.1850063e-04
  3.4457381e-04
 -1.4562175e-01
  1.1146326e-01
 -1.5723017e-03
 -1.7072383e-04
 -1.4726285e+00
 -5.1332235e-01
 -2.5364932e-02
  1.7663357e-01
  3.4715962e-01
 -6.6391110e-01
  3.6403775e-01
  3.6015224e-01
 -2.2983879e-06
  7.9072762e-01
  8.6838014e-02
  4.8086871e-04
  3.7526244e-01
  1.4947933e-01
  1.6625637e-01
  1.0780438e+00
  8.0506019e-03
 -1.3597326e-04
  4.4983881e-05
 -1.8843269e-04
  3.4745303e-06
 -3.2814330e-04
 -2.4561098e-04
  3.8740359e-04
 -7.3415926e-05
 -1.8256138e-05
  2.3176699e-04
 -1.1823185e-03
  1.2621834e-04
  1.5078542e-04
 -9.6165968e-05
 -1.4643790e-04
 -2.6329912e-04
 -3.6312931e-04
 -7.7413849e-04
  1.0628931e-04
 -7.3710944e-05
  4.2814848e-01
  3.7884229e-01
  7.3792246e-05
 -4.6550002e-04
  5.2009913e-05
  1.3443799e-04
  3.9199684e-02
  4.0210965e-01
  8.6514531e-03
  8.2211598e-05
  1.2309293e-01
  1.0970023e-04
  3.6320463e-03
  2.0409154e-04
 -1.0251600e-04
 -1.1959395e-04
 -7.2524217e-06
  2.6335948e-04
 -3.5425732e-04
  4.3122040e-04
 -4.1969706e-05
 -4.3298173e-04
 -3.8358790e-04
 -9.0680027e-05
 -5.5979763e-04
 -1.0766013e-03
  1.1808126e-04
  7.4014869e-03
 -1.3104531e-04
 -4.1838188e-04
  1.0481027e-03
 -3.1302075e-03
  5.8529304e-06
  3.1441331e-04
 -1.2330259e-01
 -4.0069127e-01
 -1.0554510e-05
  1.7015756e-05
 -4.4107367e-03
  1.6556417e-04
  1.0256796e-04
  4.0704263e-03
 -4.8684618e-03
 -4.1668514e-05
  2.0866848e-03
 -1.3314891e-01
 -9.6039381e-05
 -1.1378733e-04
  4.1380813e-04
  7.1729562e-05
 -1.6939377e-04
 -3.6512847e-05
 -6.3644053e-05
  3.3937299e-04
 -3.5941901e-04
  1.6940427e-04
  6.2617837e-05
  1.1809471e-04
  2.7656640e-04
 -4.4447679e-05
 -2.5747117e-04
 -8.3334717e-06
 -4.0167430e-04
 -5.6839274e-04
 -4.4887555e-03
 -1.9793204e-05
 -5.2091682e-01
 -2.8321063e-04
 -6.5749133e-05
 -1.5172252e-04
  2.0404933e-02
 -3.3716905e-01
 -2.4524358e-01
 -9.5901430e-02
 -1.4806388e-05
 -4.9435474e-02
  6.0186856e-05
 -1.7796159e-03
 -5.7078237e-03
 -1.3737241e-03
 -9.7495031e-05
 -2.1773421e-04
 -1.7910910e-01
 -4.5031175e-04
  1.3441096e-04
 -1.1797050e-06
  1.0366602e-04
  3.9368329e-04
 -2.9877790e-05
  2.7325048e-04
 -8.7117209e-05
 -6.4616435e-04
 -2.8201388e-03
  2.1377222e-01
  8.3366133e-02
 -5.1397298e-02
  1.4964658e-04
  2.4848600e-04
  2.7207567e-04
  1.0153808e-01
  3.3180943e-01
  1.7424169e-05
  1.5478568e-02
  5.4347315e-03
 -2.8780869e-01
 -2.9960686e-01
 -3.4197288e-05
  2.2603375e-01
 -7.3272847e-02
 -1.5834611e-02
  1.0004823e-05
 -3.1171468e-05
 -2.3423348e-04
 -6.0646189e-04
  1.0783322e-05
 -2.1372004e-04
  3.3290550e-04
  2.1993523e-03
  3.8730574e-05
  3.3241064e-05
  5.4606283e-04
 -6.2134484e-04
  8.2675295e-05
 -7.5457086e-05
  2.4636269e-05
  4.7818896e-05
 -4.5682603e-04
  2.7287411e-04
  2.4611964e-03
  2.8121514e-05
 -5.5990795e-06
  6.0523334e-03
 -8.0685510e-04
 -1.9685004e-04
  3.0795249e-04
  6.3257909e-04
  6.7964102e-05
 -2.7778357e-05
 -1.9119778e-05
 -3.2519773e-04
 -5.0886141e-05
  1.3845068e-04
  5.4641263e-05
 -4.2860975e-05
 -4.9317852e-05
  3.4849494e-05
  1.1569017e-04
  1.0711997e-04
  3.3998062e-04
  4.9532671e-04
 -6.7438348e-05
 -9.0657813e-05
  1.7644292e-04
  1.3711434e-04
  3.4890570e-06
  5.8342972e-05
 -1.3295199e-04
 -4.8743811e-04
 -1.4450107e-05
 -2.1465374e-04
 -5.3987560e-06
 -1.0607837e-04
  1.0827450e-05
  9.5162119e-05
  1.6422939e-04
 -2.1178804e-04
 -3.1573733e-04
 -1.5148454e-04
 -1.2410928e-06
 -1.6586539e-04
 -9.5443429e-06
  5.9638683e-06
 -4.2282540e-05
  3.7685677e-04
 -3.8750464e-04
 -2.4466420e-04
 -5.5238744e-04
 -1.8461075e-04
 -2.0514814e-05
 -2.8239493e-04
 -5.4343276e-05
 -5.8401743e-04
 -3.5916537e-04
 -2.4204694e-04
 -4.8843260e-05
 -8.9230034e-06
 -2.1290126e-04
 -1.1633253e-04
 -2.2331055e-04
 -1.4911880e-05
 -2.0994360e-04
 -1.2380014e-04
 -1.8382382e-04
  6.2452123e-04
 -2.4798058e-04
  2.1998052e-04
  1.1849984e-04
  1.5794703e-06
  3.6761040e-04
  4.1131960e-05
  1.0740117e-04
 -3.4773861e-05
 -1.2597490e-05
 -3.6959402e-05
  2.7696727e-04
 -1.1429884e-04
 -1.6686394e-05
 -1.7613424e-04
 -5.0647570e-05
  5.1090239e-05
 -2.5415255e-05
  4.3695822e-04
  7.6967402e-04
  7.5213204e-05
  1.2063724e-06
  6.2550804e-05
 -1.5904348e-04
 -2.5639005e-04
  1.9998105e-04
  6.0677616e-05
  1.3889364e-05
 -1.0915115e-04
 -4.5082290e-04
  3.7263353e-06
 -5.8817852e-04
 -2.3938706e-05
 -1.3155089e-04
  4.3604352e-05
  2.2589731e-04
 -5.0666462e-05
  2.4753253e-05
 -8.7705826e-05
 -6.4157713e-05
 -1.3335998e-05
  4.6627517e-04
 -1.7514067e-04
  7.1662391e-05
  9.7181728e-05
  2.0952897e-04
  4.0124747e-01
  1.1054435e-05
 -7.4637544e-05
 -2.7349527e-04
 -7.9504862e-06
  1.5508155e-04
  1.6755976e-04
  3.1109088e-05
  7.9184370e-05
  3.6710684e-05
 -2.5003354e-04
  3.9406039e-04
 -7.5663475e-04
  3.6187403e-04
 -1.0664245e-05
  1.1819570e-04
 -5.8174515e-05
  1.9690850e-04
  1.0375128e-04
 -7.3726178e-06
  1.1066738e-04
  1.7602593e-05
  4.9907935e-04
  3.7132765e-04
  4.5674988e-05
 -5.8027279e-05
  4.6107656e-05
 -5.6451984e-04
 -3.0332612e-04
 -4.0149698e-01
 -3.1033455e-04
  2.0883798e-04
  3.7470472e-05
 -5.8236434e-05
  3.8564132e-04
 -1.6277800e-04
  1.6573530e-04
 -1.6626500e-04
 -1.7598964e-05
  6.6100933e-05
  2.1844739e-04
  4.5332839e-04
 -1.3737618e-05
  2.6408246e-05
 -9.8192708e-05
  3.4353132e-05
  3.2238055e-05
 -6.3162166e-05
  7.9363250e-05
 -7.4493811e-02
  7.5795533e-06
 -4.6332617e-04
  2.0578966e-01
  1.1188335e-04
  4.6796477e-04
 -8.8025343e-05
  5.5543780e-03
 -6.8455847e-04
  2.4890022e-03
  3.6629941e-04
 -1.4077258e-04
  4.7247639e-04
  5.2278599e-04
  4.0579816e-05
 -2.8154554e-06
  8.1314851e-04
  1.3183171e-04
 -9.2024988e-05
 -1.6726775e-04
 -2.7847362e-05
 -6.0450096e-05
 -8.9967092e-05
 -3.1542233e-05
 -3.6427446e-04
 -2.8038747e-04
 -2.1372225e-04
  2.0161206e-04
 -1.1809434e-04
  7.0834812e-04
  4.9696129e-05
  1.0569837e-04
  4.0543287e-06
 -5.8244212e-05
  2.5107167e-06
 -5.5119792e-05
 -1.6610189e-04
 -1.4590040e-04
 -9.1601603e-02
 -3.6205518e-05
  1.5732397e-04
  6.2356156e-07
  6.0394093e-05
 -1.8049319e-01
 -2.4374506e-04
  2.9033658e-01
 -6.4912550e-05
 -2.4025606e-04
 -2.8136626e-04
  4.6917921e-06
 -3.9051528e-04
 -7.8404794e-04
  1.2691034e-04
  1.5776048e-05
 -3.2215150e-05
  4.8625825e-05
  1.3527420e-04
  2.1998456e-04
  2.2149240e-04
  9.4664749e-05
 -1.0867682e-03
 -6.2733299e-05
 -1.5864208e-04
  3.3109991e-05
  6.9679831e-05
  4.5587353e-02
  2.7058017e-04
 -1.0963377e-04
 -4.9880628e-06
  1.9341866e-04
  3.1771767e-04
  9.0022897e-04
  2.7366346e-04
  2.1702342e-04
  7.8504178e-04
  1.4026676e-01
 -3.2461921e-04
  4.1438363e-04
 -4.5970541e-05
  5.7537243e-04
  6.3252804e-04
  2.1091713e-04
  1.7528301e-04
  1.0292359e-05
  1.6907630e-04
 -1.0713132e-04
  8.1090584e-05
 -1.8014047e-04
 -1.6974309e-04
  5.6778797e-05
 -7.4528863e-05
  2.4944913e-04
  1.4274898e-04
 -2.4487890e-04
  2.7824842e-04
 -1.6453861e-05
 -2.2036888e-04
  1.7691753e-04
 -7.9413119e-05
  3.7585836e-05
  7.9670437e-02
  2.7690461e-01
  7.3898863e-03
  3.7898767e-01
 -1.3402384e-04
 -7.0467208e-06
  2.7893588e-03
 -6.9999973e-05
  1.1297817e-01
  6.9394045e-02
 -3.3209968e-01
  2.4884012e-05
 -1.3884646e-04
 -1.7783916e-04
 -2.8059965e-05
 -2.1254244e-04
 -2.3026155e-04
 -7.9513824e-04
 -2.5836099e-04
  1.3299694e-03
  6.9095877e-05
  7.9330792e-05
  1.3482443e-04
 -8.7639128e-05
 -1.2722881e-04
  2.5251703e-04
 -5.8616267e-04
  2.5038464e-05
 -8.7024673e-05
  3.4903244e-03
  3.6122885e-01
  1.7618692e-01
  3.9707473e-04
  3.4312077e-02
 -5.9430065e-05
  2.4864599e-01
 -6.0025613e-05
  2.7690467e-01
  1.1511778e-03
  2.8888686e-02
 -2.3611117e-02
  2.3592191e-02
  2.3096183e-01
 -1.8859790e-01
 -4.0490574e-01
 -3.5466933e-01
 -6.3976189e-03
 -2.2463214e-04
 -5.1528076e-04
 -3.2742304e-04
 -3.9910190e-04
 -5.5539981e-02
 -4.8798916e-04
 -1.0950257e-04
  2.7118748e-04
  1.8286884e-04
 -6.5359665e-05
  1.7504551e-04
  4.9224747e-07
  1.5502000e-04
 -8.4478466e-05
 -8.8633526e-05
  1.6646334e-05
  5.9814367e-05
  9.0715512e-05
  6.9298148e-01
 -8.4513427e-05
  1.0262052e+00
  3.5826244e+00
  1.7212121e-06
 -1.4930874e-01
  1.2964047e-01
  2.1298286e-01
 -1.0804132e+00
  9.7931159e-01
 -1.5805731e+00
 -2.4077736e-04
 -2.2669289e-01
 -8.6364925e-02
 -1.7387267e-04
  2.2856469e-01
 -7.4247662e-05
 -3.5557017e-01
 -6.0380054e-01
 -7.8329876e-02
  8.4783271e-05
 -2.5191289e-01
  1.2911118e-02
 -1.3909725e-04
 -1.0614992e-03
 -7.4213433e-01
  1.0433590e-01
 -7.9852420e-01
 -3.9590549e-01
  2.7717877e-04
  2.9869854e-01
 -9.9738047e-02
 -3.9226656e-05
  1.8275280e-02
  4.1153869e-01
 -2.3113582e-01
 -8.4073104e-02
  3.2525026e-04
 -9.8900098e-05
  3.1401224e-02
 -5.4767329e-01
  6.2735504e-01
 -7.3453230e-01
 -6.8735379e-01
 -2.0008382e-01
  1.6857967e+00
  1.2103428e+00
 -6.1176979e-05
 -3.6665369e-04
  1.5846478e-04
  1.6684755e-04
  1.0381827e-04
 -1.1989094e-02
 -1.0215394e-04
 -2.8759910e-05
 -1.1114646e-05
 -8.4910169e-04
  6.8526505e-04
 -2.7493632e-05
 -1.3727065e-04
 -4.7493289e-05
  1.2832080e-03
 -4.2773467e-05
  6.3391919e-05
  9.1981201e-04
 -1.0279265e-04
 -3.0573658e-05
 -2.7397045e-05
  1.2575568e-03
 -5.0300302e-04
 -7.4956017e-03
 -1.3190608e-04
  1.1194812e-04
  2.0991017e-04
  2.5513434e-04
 -7.1586204e-01
  6.5974164e-05
  1.3434670e-04
 -1.0404333e-04
 -5.3802160e-05
 -5.1373485e-05
  5.1866606e-04
 -4.9418701e-05
 -1.8310118e-04
  1.3021880e-04
  2.6606873e-04
  2.9926203e-04
 -6.2792627e-05
 -5.5948160e-05
 -1.3075060e-04
 -6.5653190e-02
 -2.2738842e-04
 -3.6222706e-04
  5.0965918e-05
  5.0052663e-04
 -6.3568754e-05
  3.8603002e-06
  1.9419199e-04
 -7.1828753e-02
 -1.6095748e-03
  4.6550696e-05
 -9.9675392e-04
  2.5739969e-04
  1.5218758e-04
 -1.9146819e-03
 -1.0705997e-02
  3.0421244e-04
 -8.3547486e-03
 -3.5707990e-04
 -5.0380599e-04
 -5.6380616e-04
  5.6367397e-05
 -3.6135514e-04
 -3.8798894e-06
 -1.7836229e-04
  9.7451913e-05
  9.5925134e-05
 -5.8936494e-05
  1.6073007e-04
  1.5981970e-04
  1.8318688e-05
  1.8514569e-05
  1.3890362e-04
  1.6009287e-04
  4.8874303e-05
 -7.6536962e-06
 -2.8025787e-04
  4.8189537e-05
  7.2797942e-05
  4.2885629e-05
  9.9786965e-05
 -1.8873496e-04
 -2.1152142e-04
  6.2506238e-04
 -5.3986158e-05
 -2.9894817e-04
  9.4474053e-05
  3.7260270e-05
 -2.3896295e-04
 -4.3982160e-05
 -1.9410484e-01
 -9.3823380e-04
 -9.5186559e-05
  4.1057825e-05
  2.1386928e-05
  2.6023091e-04
 -8.3597333e-05
  3.0321455e-05
 -7.1292372e-05
 -4.2023039e-03
 -1.8625180e-04
 -1.1883603e-04
 -1.3890247e-04
 -2.4721716e-04
  7.0473885e-05
 -1.3658321e-04
  2.3660307e-04
 -5.7752174e-04
  1.1562752e-05
  3.5284138e-05
  9.7544631e-05
 -2.1940359e-04
 -2.3368825e-04
 -1.0056102e-04
  1.2506872e-04
 -3.4222109e-04
  1.1931758e-04
 -1.3723742e-04
 -1.6482171e-04
  1.9346258e-04
 -7.1690192e-05
  1.8663539e-05
 -1.4200120e-04
 -1.9450593e-04
  1.3164875e-04
  2.3820678e-05
 -1.2140006e-04
 -1.0295857e-04
 -7.7063080e-05
 -8.5339816e-05
  4.3394826e-05
 -2.0319749e-04
 -2.6419858e-04
 -2.0472011e-04
  4.7122774e-04
  3.0958759e-05
 -1.3388920e-04
  1.3235329e-04
 -1.8189356e-05
 -5.3118871e-05
  1.7754764e-04
 -2.7528728e-04
 -1.5526537e-04
  6.9857262e-05
  2.4223050e-04
  3.7994076e-04
  4.1534349e-05
 -2.2439884e-04
 -2.6965365e-05
 -4.5347966e-05
 -1.3634711e-04
  4.6822821e-05
 -8.1106788e-05
 -2.6855854e-04
 -2.3131180e-04
 -6.7371078e-04
 -1.7949042e-05
  8.6946757e-06
  2.9602832e-05
 -1.5519635e-04
 -6.8814181e-05
 -1.5115942e-04
  2.0111907e-04
 -1.5682026e-05
 -3.1472402e-05
  5.2975058e-05
  3.0187901e-05
  5.0584838e-04
 -6.9000344e-05
 -1.6724854e-04
 -5.4031413e-04
  6.6713139e-05
  1.1366319e-04
 -1.1462911e-04
  1.2519474e-04
  4.9187300e-05
  1.7329388e-05
  1.9586789e-06
 -1.1407692e-04
 -2.5759486e-05
 -8.6341988e-06
 -6.7673545e-06
 -3.2399475e-05
 -4.2860156e-05
  8.7699846e-05
  3.3235818e-04
  2.8504271e-04
  4.3024575e-06
  1.7744613e-04
  2.4359066e-05
  2.0231487e-04
 -3.7767962e-04
 -3.3593015e-04
  3.8186525e-05
 -4.0365561e-05
 -5.9913898e-05
 -7.9404832e-05
  8.0198275e-05
  4.8757158e-04
  1.0570877e-05
  1.9217410e-05
  2.3788524e-04
 -1.0911753e-04
  7.7008497e-04
  2.2996373e-04
  1.9262928e-04
 -3.1994023e-05
 -8.3736755e-05
 -9.4449846e-05
  1.7262821e-04
 -3.5676323e-03
 -1.6842471e-04
  2.3265412e-01
  7.0112956e-01
 -3.6306072e-02
  2.5009775e-01
 -7.3026186e-01
 -6.3034142e-03
 -2.2339289e-01
 -3.4473968e-01
 -1.2485622e+00
 -1.2482335e-04
 -5.9905669e-06
  2.6142611e-03
 -2.6024777e-02
 -4.6652474e-02
  1.4743440e-04
  1.0684347e-04
 -2.1393863e-02
 -3.7460527e-01
 -3.6532478e-04
 -8.9487821e-01
 -2.1677436e-01
  2.4311818e-01
  1.4788487e-04
  2.0829371e-04
 -8.7238103e-02
  8.9780115e-06
 -1.2002587e+00
 -3.3112304e-04
 -1.1025355e+00
 -2.8048214e-01
 -2.3606086e-01
 -2.6421222e-01
 -2.6635084e-01
 -8.6848967e-02
 -8.0182678e-01
 -2.4679704e-01
 -4.0969401e-04
  1.3445095e-03
 -1.5865906e-01
 -5.0390106e-01
 -1.5243906e-01
 -6.8383467e-01
  6.1788072e-04
 -8.4719014e-01
 -2.9430628e-01
 -6.0804799e-04
 -4.3749166e-01
 -1.5111369e-04
 -4.9582155e-05
 -1.7804162e-01
 -2.3084825e-04
  7.0825342e-07
  8.3871084e-05
  5.4535296e-05
 -5.4333468e-05
  9.2643786e-06
  9.3992276e-05
 -2.4501904e-04
  3.4024855e-05
 -6.7387533e-05
  4.5550820e-05
  1.1487350e-04
  4.1941606e-05
  8.2260668e-02
 -6.3956517e-01
 -7.3780888e-04
 -1.4211576e+00
 -2.8210050e-01
  7.8108764e-01
  3.7749290e-01
  1.9563086e+00
 -1.6666332e-01
  1.4726235e-01
 -1.0270423e+00
  3.2531911e-01
 -3.5707545e-01
 -1.0591676e-04
  3.7439069e-01
  4.0491179e-01
  4.4244164e-01
  1.8394500e-02
 -1.5791098e-04
  1.9780629e+00
  6.1511290e-01
  6.5584666e-01
  2.1303779e-01
  3.0547607e-01
 -6.5886968e-01
 -7.7718272e-05
  9.0841958e-03
  2.0942742e-01
 -1.2333778e+00
  1.5678593e+00
  4.9082550e-01
 -6.7494476e-01
  3.9831743e-01
  2.5632173e-01
 -1.6940254e+00
  2.6386797e-01
  8.9234078e-01
  9.4665682e-01
  3.0117226e-01
  7.8425968e-01
 -5.9695899e-01
 -3.8740276e-05
 -1.1300751e+00
 -2.8533623e-01
  4.9256316e-01
  6.1298865e-01
  6.4385809e-02
  1.8925738e-04
 -6.9721192e-02
  7.8313911e-05
  3.5097331e-05
  3.8075998e-06
  1.9036080e-03
 -3.7431408e-04
 -1.8472467e-01
 -4.2873267e-03
  4.6284328e-04
 -8.7422610e-05
  4.6043359e-03
  2.2535831e-04
  3.5435539e-01
  8.6644053e-05
 -5.1676237e-04
  2.3023693e-01
 -3.7278057e-06
  1.2395256e-04
  9.9264602e-05
 -8.6062864e-05
 -1.7488596e-04
  2.6263349e-04
 -1.6544297e-04
  4.7125224e-05
 -4.7142643e-05
 -1.3660372e-04
  8.4457504e-05
  8.6487926e-06
  1.1831071e-04
 -8.4280771e-05
  2.7686213e-03
  1.5120130e-04
  3.4615520e-04
 -1.2651512e-04
  9.7206837e-05
 -1.8853757e-04
  3.1028772e-03
 -5.3705648e-04
 -1.8286929e-04
  1.2792472e-04
  1.7038376e-04
 -1.1729252e-04
  5.3662834e-06
 -6.3160114e-05
  7.3218968e-04
 -8.5846819e-05
  2.8444361e-04
 -1.1090150e-03
 -3.8789242e-04
 -2.6942189e-05
  1.9122406e-03
 -8.6380387e-05
  2.2089155e-04
 -1.3798222e-04
 -2.6664691e-04
 -3.1579068e-04
 -7.5932842e-04
 -2.4912474e-04
  1.0831214e-04
 -7.0775015e-04
 -4.6950678e-04
  5.1653798e-04
  5.9511982e-05
 -1.8287015e-05
 -4.8153836e-01
 -9.2800321e-05
 -5.5199853e-05
 -6.2963831e-05
  2.2380175e-04
 -2.7916391e-04
 -2.4531898e-04
 -3.8010494e-05
  5.6784455e-05
  4.2139960e-04
 -1.7104598e-05
  9.9251840e-05
  1.8856408e-04
 -7.6239405e-05
  8.7123253e-06
 -8.1649261e-05
  2.5412492e-05
 -1.6112780e-04
 -2.9179659e-01
 -3.7489132e-05
  1.8980529e-04
  2.3241331e-04
  1.2404205e-03
  4.0000601e-04
 -3.3129423e-04
 -1.2267521e-04
 -1.2916331e-01
 -8.0298528e-02
 -1.0099638e+00
 -2.6751606e-04
  1.8982495e-04
 -3.3345341e-04
 -1.2058680e-04
  7.0562256e-03
 -4.4124221e-04
  2.1882419e-05
 -2.0916099e-03
  6.1202096e-05
 -6.6554998e-03
 -5.3548644e-04
  4.7657883e-04
  5.7842623e-04
 -6.9199101e-05
 -2.5585531e-03
  2.8658737e-04
  5.7046051e-05
  3.2315296e-04
 -1.7554134e-04
 -3.7534556e-01
  1.9485722e-05
 -1.8171205e-04
  5.5138197e-02
 -5.5101708e-02
 -5.3449738e-04
 -6.8511486e-05
 -3.1899758e-02
 -3.2241939e-04
  2.6193662e-02
 -5.1123938e-05
 -7.9120405e-04
  1.1361865e-03
  8.3244249e-02
 -7.9427715e-05
  2.5747500e-03
 -2.3109847e-05
 -1.3259350e-05
  1.2887920e-04
  4.6547102e-05
 -5.2955387e-05
 -1.6224745e-04
 -1.2695355e-05
  2.1854616e-04
  1.4245984e-04
 -1.4540076e-04
  2.1373921e-04
  2.8937679e-05
 -1.2840777e-04
 -2.7200495e-05
 -4.0107514e-04
  9.5284966e-05
 -5.9800874e-05
 -1.1507174e-04
  1.4129760e-04
  4.6557915e-01
 -3.9575506e-02
  2.5382833e+00
  3.0432958e-02
 -6.7788023e-01
 -7.9930927e-05
  3.9519063e-01
 -1.3604459e-01
 -5.4338527e-01
 -6.4112931e-01
  1.8443947e+00
 -3.2150772e-01
 -9.4783977e-02
  7.1541840e-01
  3.4373981e-01
 -3.7410429e-01
  9.8977381e-01
  1.0827688e+00
 -1.4022335e-02
  9.4992959e-01
 -2.1003430e-01
 -3.6256406e-01
  5.3520656e-01
  8.0060214e-01
  1.0034252e+00
 -5.5580181e-01
  3.4044895e-02
 -2.3137271e-05
 -1.7404181e-01
  1.8007533e-01
  1.5123668e+00
 -1.6198522e-01
 -1.7756414e+00
  7.7746117e-01
  1.2523593e+00
 -2.9453930e-05
  9.9590468e-01
 -1.3102449e+00
 -1.0267522e+00
 -4.8561651e-01
 -9.9121273e-02
  6.9481976e-02
  8.3314657e-02
 -1.6823233e+00
 -1.7519876e+00
  3.4326187e-01
  8.9083195e-01
 -3.5601956e-01
  9.8783803e-01
  9.4887626e-01
 -3.1901865e+00
  6.4747926e-04
 -1.1726630e+00
 -1.0033576e+00
 -5.9123379e-01
  5.7878006e-01
 -1.2952031e+00
 -1.0790916e-04
  1.5160179e-04
 -2.7099964e-01
 -7.4801338e-01
 -1.1247953e+00
 -6.4832203e-02
  4.8722875e-01
 -8.8567402e-05
  3.2820401e-05
 -1.0630196e+00
  9.4931418e-01
  7.3099904e-02
 -7.5530738e-01
  3.1879762e-01
  3.4005046e-01
  2.9776552e+00
  1.1667708e-01
 -7.2298807e-01
 -8.4658628e-03
 -1.6646900e+00
  3.4938025e-01
  2.3519623e-01
 -4.7833943e-01
  2.4065795e+00
 -1.3456208e-01
  3.7544158e-01
 -1.4382921e+00
  1.4656457e+00
 -6.3280243e-01
  1.3044761e+00
  1.2070968e+00
  4.3075582e-01
 -2.4705000e-01
  8.9692795e-01
 -4.2683053e-01
  1.7802536e+00
  5.1737589e-01
 -2.0751469e+00
 -9.9172539e-01
  5.6944978e-01
 -1.0794040e-01
  1.8879485e-01
 -2.5212011e-01
  2.0776985e+00
 -1.0558504e-01
 -6.9198149e-01
 -1.2491587e+00
 -5.1115740e-02
 -2.2010936e-04
  2.9520836e-01
 -4.2558992e-01
 -7.9266363e-01
 -2.6986575e-01
 -3.5796031e-01
  1.1207858e+00
  2.1013041e-01
  2.6652402e-01
 -2.8776374e+00
  2.2367055e+00
  8.5082984e-01
  3.1598902e-01
  6.6917574e-01
  1.0294788e+00
 -1.8630939e+00
  1.8513067e-02
 -1.0428582e+00
  1.7289576e-01
  3.1413549e-01
  7.5171286e-01
 -2.5002930e+00
  7.7059655e-04
  4.6222415e-03
 -1.2692852e-01
 -5.5780125e-01
  3.8750857e-01
  1.8979332e+00
  4.5450243e-01
 -5.7611618e-02
  2.2665391e-02
 -7.7576792e-01
  8.2360643e-01
  1.0475384e-01
 -2.3540217e-01
  8.9261321e-06
  6.4763102e-05
 -9.7212724e-05
 -1.9318952e-04
 -3.9188335e-06
 -5.4229697e-04
  4.2558775e-05
 -1.2546849e-04
 -1.0299467e-04
  3.1807016e-05
 -1.4049462e-04
  4.0738852e-04
 -4.0695115e-04
 -2.0519753e-04
  1.0512852e-04
  2.2400473e-04
  3.0545803e-04
 -1.2118319e-03
 -3.2669661e-05
  9.1218453e-06
  2.9644664e-04
 -2.8925286e-05
  3.3513377e-05
  1.2072159e-05
 -1.9068322e-04
 -4.9168087e-04
 -2.9727785e-04
 -5.1341805e-05
  1.5900741e-04
 -1.5339572e-05
 -2.0324813e-04
  6.9359703e-05
  1.4439729e-04
  1.1542855e-04
  3.6267939e-04
 -3.8369435e-05
 -1.0139588e-03
 -2.3007549e-04
  2.2965555e-06
  2.3339479e-05
 -2.6132440e-04
 -3.7484464e-05
  2.4976089e-04
 -1.8800082e-04
 -3.1530054e-04
  8.4566353e-05
  6.1401268e-05
  1.2047803e-04
  7.6047712e-05
 -1.8742026e-05
 -4.5838239e-04
 -9.4554352e-06
 -6.6666114e-05
  3.4870036e-06
 -2.5275891e-04
 -5.0007544e-05
  4.2129130e-05
 -1.4101676e-04
  1.1802381e-05
  1.1070093e-05
 -9.7505843e-05
  1.5018892e-04
 -6.5311992e-06
  1.9907288e-04
 -6.8215793e-04
  1.1498367e-04
 -1.7501067e-04
  1.9210740e-05
  2.5596257e-05
  1.4015382e-04
  1.9930412e-05
 -6.6928784e-05
 -1.0947405e-04
 -3.4977848e-04
  2.3626942e-04
 -9.9465460e-06
  1.1471074e-04
  1.7419935e-04
 -3.0100204e-05
  5.7566875e-05
  2.4480707e-05
 -1.7588591e-03
 -1.0282439e-05
 -1.3725405e-03
 -3.0364085e-04
  6.4466049e-06
  2.9403665e-05
 -1.2466994e-04
  2.8710980e-05
  1.2051110e-04
 -6.1399711e-05
 -5.7259190e-04
 -7.3929218e-06
 -1.1774026e-05
  2.1119897e-05
 -7.5013040e-06
  9.7401891e-05
 -3.1869080e-05
  7.1310337e-06
 -1.9572998e-04
  3.5982019e-05
  7.5533235e-06
  2.4469889e-05
 -1.0805018e-04
  8.4176587e-05
 -1.0803966e-05
  1.5697778e-04
  6.7073415e-05
 -1.5104721e-04
  2.1402301e-04
  2.0040420e-04
 -2.0395739e-05
  4.4346717e-04
 -1.3071379e-04
  8.4390296e-05
 -5.5341615e-04
  4.8918324e-04
 -7.9670630e-05
 -1.8017805e-05
  8.0251601e-05
  1.3636074e-04
 -1.3845197e-04
  1.5063587e-05
  3.1701001e-04
  1.3843160e-05
  6.0814931e-05
  1.6961632e-05
 -1.3573666e-04
  6.4308499e-04
  1.7747772e-04
 -5.7224493e-04
  7.9120177e-01
 -4.7310492e-01
 -8.5925624e-02
  8.6296660e-01
 -1.5349113e+00
  1.6879229e-01
  2.3854786e-01
 -1.2191839e+00
 -1.1295471e+00
 -3.2231301e-02
  9.3799585e-01
 -1.7596492e-01
  1.5561204e+00
  3.1236956e-01
  5.0936598e-02
  8.5364985e-01
 -5.6795724e-02
  1.5387146e+00
 -2.5828457e-01
  9.5146233e-01
  1.0450991e+00
  2.6139207e-04
 -1.9493668e-01
  1.0215276e-01
  1.4502662e-01
 -2.0759526e-01
  1.2344882e+00
 -5.6134220e-03
  3.2057947e-01
 -4.7450715e-01
 -5.0652206e-01
  1.0060605e+00
 -3.7310416e-01
  1.4614424e-01
 -1.5480672e-01
  1.1681193e+00
  8.4353074e-02
  3.1799853e-01
 -1.1699950e-02
  3.7204900e-01
 -2.9555863e-01
 -3.9048305e-01
  2.3246817e-01
  1.2181643e-01
  4.8362032e-01
 -6.3959271e-02
  4.0838575e-01
 -7.5615205e-02
  1.0846121e-05
  2.4204792e-01
  5.9283811e-01
  1.6982226e-01
 -3.9850506e-01
 -5.1304859e-01
  3.8754311e-01
 -6.9476828e-02
 -2.6108115e-03
  1.2621786e-04
 -1.6628602e-03
 -1.3334084e-02
  5.5770006e-04
 -6.0555235e-02
  1.2798338e-02
  4.0389696e-05
  6.8636400e-01
 -9.4163126e-01
 -1.6542445e-03
  7.0944160e-01
 -3.3243871e-01
 -2.7015576e-01
  4.7432404e-04
 -7.4420220e-01
 -6.2002593e-01
  1.8496338e-04
 -1.3819917e-01
  3.4959838e-02
  2.2362794e-01
 -5.5089797e-04
  4.9228473e-03
  3.0682629e-02
  6.8834767e-02
  4.1697733e-02
  2.3536381e-04
  2.0651204e-04
 -1.8546312e-01
 -7.2548297e-05
 -7.8011340e-01
 -8.6542034e-01
  2.3655803e-03
 -2.5450444e-01
  1.6909335e-02
 -9.2528641e-01
 -2.8190336e-01
  6.7404705e-01
 -1.8721172e-01
 -8.7132543e-01
 -4.1682193e-01
  3.2425293e-01
  7.5207084e-02
  1.0159635e-01
 -4.9519750e-01
 -2.4920705e-01
 -1.4241852e-01
  1.3590282e-04
  4.2367481e-02
  4.5731917e-01
  1.3083501e-01
 -8.6426616e-02
  3.4446219e-01
  3.2564969e-04
 -3.1783533e-01
  2.8863463e-01
 -1.6105111e-01
 -4.4269589e-01
  2.1505459e-01
 -5.8183639e-05
 -4.5186385e-05
 -2.9206920e-01
  8.1680812e-02
 -4.7793104e-03
  4.2403713e-02
 -6.1944465e-06
 -1.3238078e-04
  2.2413366e-02
  3.4453705e-01
  2.2472875e-04
  1.4802520e-03
 -6.2540377e-05
 -3.7118769e-04
 -5.6942409e-01
 -2.8417132e+00
  1.1722564e+00
  2.0923157e-01
  7.5320703e-01
  5.6974947e-01
 -9.3991601e-01
 -7.0446293e-04
  1.0332450e-04
  6.7394343e-05
 -2.7206483e-01
  3.0765778e-01
  2.4345449e-04
 -7.7849557e-04
  5.2046892e-03
  9.3870008e-01
  3.9675523e-04
 -4.1433759e-03
 -8.0440260e-02
  1.2917471e-01
  2.2162345e-01
 -3.6619243e-01
 -1.2636067e-04
  1.7043334e-02
  4.2652667e-02
 -7.6915190e-02
 -5.9400427e-05
 -1.2938680e-04
 -1.4438151e-01
  2.4600685e-02
  2.5194362e-01
 -4.1393167e-05
  9.5295431e-03
  1.1381462e+00
  8.0419399e-05
  1.5548684e-01
 -1.3587890e-04
  6.0014223e-04
  2.5178850e-01
  7.4962154e-02
  3.0201839e-03
  1.2995870e-01
  9.5109940e-01
  1.7109996e-04
  4.2305142e-02
 -2.5118545e-01
  7.3804840e-05
 -1.9835334e-05
  2.9784435e-04
 -6.0570885e-05
 -3.5179627e-01
  1.0223647e-04
 -4.8511647e-04
  1.0453880e-05
  1.6621141e-04
  3.0058904e-05
  7.1464274e-05
 -3.0852269e-04
 -1.3863397e-04
 -1.4582941e-05
 -2.0953915e-04
  1.8617699e-05
 -3.9163407e-02
 -3.9290695e-05
 -1.6255348e-05
 -1.3695358e-01
 -1.3537520e+00
  8.9666843e-02
 -3.9361155e-01
  5.9931421e-01
  3.4075530e-04
 -8.7641376e-01
 -2.0951183e+00
  2.1664466e-01
 -6.5952067e-05
 -9.4798976e-05
  1.6797277e-03
  6.5711566e-04
  9.5517270e-02
  2.0553190e-01
 -2.1555929e-01
 -3.0496868e-04
 -7.5248317e-05
 -5.1343300e-06
 -4.4292803e-03
  1.7523161e+00
 -2.1720282e-04
  1.4455918e-03
  3.7555005e-03
 -1.2856320e-01
  8.6159220e-05
  1.0671953e-02
  8.4352287e-05
 -1.3568205e-02
  4.5047429e-01
  1.3277580e-01
  1.0675224e-01
  3.2981980e-01
 -3.0288269e-04
  1.9441193e-02
 -1.3655565e-04
  4.8570405e-04
  5.0652353e-04
 -3.5779714e-05
  4.2646296e-02
 -7.9371406e-05
 -6.7152163e-05
 -8.3101481e-02
 -9.4320843e-05
 -5.0434433e-03
  1.6427140e-01
  1.5369520e-03
 -8.9591362e-02
 -1.3192580e-04
  5.2414933e-04
  3.1403837e-01
 -6.5804066e-05
  1.0532595e-04
  2.6630351e-01
  6.4925064e-04
  2.4320821e-04
 -4.2552892e-05
 -2.2257846e-04
 -1.3846393e-04
  6.1494517e-05
 -1.3169419e-05
  2.0119597e-04
  3.6610985e-05
  2.4666209e-05
 -3.9049771e-04
  3.5519479e-04
 -4.7763749e-03
 -2.1931273e-04
  2.5420120e-05
 -1.3355406e-02
  6.4480031e-05
  6.0199909e-03
  6.0532504e-05
 -1.7144770e-04
 -2.3121387e-05
  4.1396819e-05
 -4.9534679e-05
  1.6886661e-04
  2.5783267e-04
 -2.6720956e-05
 -1.6169010e-05
 -7.2384733e-05
 -2.5726034e-04
 -3.7142512e-05
 -2.1992330e-04
  7.6832846e-05
  2.9365674e-05
 -9.8248463e-05
 -3.8237231e-05
 -1.4361762e-04
 -1.4938680e-04
 -5.1646191e-04
  5.6905247e-04
 -9.7636512e-06
 -7.2497232e-06
 -4.2692873e-06
  5.6843214e-06
  2.9995723e-04
 -1.2913702e-05
 -5.8130085e-05
  8.2479701e-06
  1.1429925e-04
 -1.6985209e-04
  1.3569415e-04
 -2.5556618e-04
 -1.2793779e-04
 -9.9478464e-05
  4.7860805e-05
  1.7722845e-05
  2.7415896e-05
 -3.5094557e-04
 -3.1051939e-05
 -8.5639389e-05
 -2.6880716e-06
 -6.4256426e-05
  2.5106483e-04
  5.7765032e-05
  3.6691235e-05
 -1.5161178e-05
  1.9140645e-04
 -1.7446338e-03
  2.1114080e-04
  3.6381818e-05
 -1.7219299e-05
  2.6133212e-06
  1.5439771e-04
 -8.3219420e-05
 -1.2356616e-04
  6.7134220e-05
 -2.9162486e-04
  1.0461749e-04
 -1.0026992e-04
 -3.3158576e-05
 -2.9130331e-01
  1.1082816e+00
 -7.2846822e-05
 -9.3034005e-01
  7.9915129e-02
  6.6022915e-03
 -2.6083228e-04
  2.7730226e-04
  1.5733973e-03
  4.1652325e-05
 -7.0795635e-05
 -1.5788561e-05
  5.9284208e-05
  1.8903555e-03
 -6.5600622e-04
 -1.8091990e-04
 -9.8707830e-04
  1.2448947e-03
  5.3822925e-05
  1.5475169e-04
  4.7325113e-04
  2.6639912e-04
  3.8868032e-04
  4.0423642e-03
 -8.9137888e-05
  1.7639013e-05
  9.2729628e-05
  1.1643014e-03
  4.1030036e-04
  5.0978314e-02
  1.0749163e-01
  1.3630680e-04
 -3.6405486e-03
 -6.6320138e-04
  7.8501337e-04
 -2.6209836e-04
  3.4146972e-06
 -5.1626621e-04
 -4.6939771e-03
  4.5626388e-05
  4.9196760e-04
 -1.3962752e-01
  2.4469680e-01
 -3.4540779e-05
 -2.7065563e-03
 -1.0262750e-04
 -4.8227143e-04
  1.2928617e-04
 -4.3819356e-04
 -1.7676318e-04
 -2.7849659e-04
 -7.1413910e-05
 -2.7442857e-04
  6.2622159e-05
 -1.8005687e-04
  6.7674868e-05
 -5.1114101e-05
  2.7297830e-04
 -2.3424512e-04
 -1.8084369e-04
  6.8076019e-04
 -5.9954752e-04
  6.8169073e-05
  1.6723611e-04
  1.2378508e-04
 -1.2547748e-04
 -4.2685362e-05
 -8.6453394e-05
  3.0386011e-04
 -9.6220709e-04
  1.2750087e-05
  3.0561149e-04
  2.4559975e-04
 -1.7102093e-04
 -8.7193323e-05
 -6.9888451e-06
  3.2647429e-05
  5.3724041e-05
 -7.7227065e-05
  6.9644366e-06
 -1.6764574e-06
  1.7018354e-04
  1.7463379e-05
 -1.5863037e-04
  7.3005212e-05
  7.4311909e-05
 -3.0323188e-04
 -2.0422483e-05
 -2.5143632e-05
 -2.3712242e-05
  2.9739257e-04
  3.3376695e-05
  6.0846436e-05
  1.2521847e-05
 -1.1952960e-05
  4.0598380e-04
 -1.3432205e-04
  2.0418447e-05
 -5.7037731e-05
  1.1337650e-04
  3.3319779e-05
  7.9696298e-02
  9.7367723e-05
 -1.0877940e-04
  9.0381807e-05
  6.8221867e-05
 -1.2822672e-05
  1.1824568e-04
  2.5038322e-04
  2.5881821e-04
  3.3813564e-04
 -1.2849900e-04
  3.5705627e-04
  7.4707918e-05
  3.2304032e-04
  3.2678669e-04
  8.8791174e-05
  1.2849129e-04
  6.0035145e-05
  5.3875998e-04
  3.6620884e-05
 -7.1088005e-05
 -7.7301411e-05
  9.3682656e-06
  3.5530520e-05
 -1.3025150e-04
 -5.5472396e-05
  2.4752949e-01
  1.0735845e-01
 -2.3270544e-04
 -1.1548273e-01
 -2.6887956e-01
  4.4685948e-01
  2.2699676e-01
  2.6739863e-01
  2.7440622e-01
 -3.6354703e-04
 -1.0587893e-01
 -3.7567899e-01
 -3.5663813e-01
 -1.8790064e-04
 -6.6435449e-02
 -9.6479498e-02
 -2.7751642e-01
 -3.4736699e-01
  3.5964190e-03
  1.4679066e-03
  2.8651065e-01
 -3.6787328e-01
 -3.5741210e-01
 -1.0308641e+00
 -6.5571380e-01
  3.1182110e-02
 -4.7757828e-01
  4.2547848e-02
 -3.1545915e-05
  4.7438100e-02
  1.1403944e-01
  9.9926397e-02
 -3.6749479e-01
  4.4023837e-03
  4.3448725e-01
 -3.2765153e-01
  7.0097230e-02
 -2.6912078e-02
  1.5388933e-03
 -4.3504137e-01
  5.6554601e-02
 -4.7225386e-01
 -2.4907272e-01
  4.9138501e-01
  1.4482409e-01
  7.9742557e-04
 -2.0103382e-04
 -2.6445401e-01
 -2.6384808e-04
  2.5029320e-04
 -2.1663320e-04
  3.0606621e-04
  6.2034145e-04
 -1.0883729e+00
  3.0207008e-04
  7.8528610e-05
 -3.7840437e-04
 -1.0989301e-03
 -1.0414174e-05
 -1.0116833e-04
  7.2996838e-05
  1.3720997e-04
 -1.4834554e-04
 -3.3077351e-06
  3.6654577e-03
 -1.1555344e+00
  8.7242705e-01
  8.1528991e-01
  7.8656775e-01
  4.1158566e-01
  6.1515158e-01
  4.1716704e-01
  4.4227713e-03
 -5.3225082e-01
 -1.1268006e-04
 -6.4489526e-01
  6.1334926e-01
 -3.2310855e-01
 -1.9181245e-05
  3.3893099e-01
  2.2266388e-01
 -1.3764632e-01
 -8.5950822e-01
  1.8773135e-04
  1.1671570e-04
 -1.5504715e+00
 -4.2032918e-01
 -5.5895168e-01
  1.1372351e-01
  3.5684192e-01
 -1.1254359e-02
 -2.6404008e-01
 -9.6148282e-02
 -8.6359906e-01
  6.7001128e-01
 -7.0874386e-02
  2.9463095e-03
  2.1013741e+00
 -1.1050479e-01
 -3.6841959e-01
  1.4081803e-01
 -1.9495010e-01
 -9.6101664e-02
 -5.0029975e-01
 -6.6711569e-01
  4.5293834e-04
  1.0138242e+00
 -5.0668502e-01
 -5.4310113e-01
 -3.6906400e-01
 -2.5363590e-04
 -9.2962822e-03
 -1.7444596e-01
 -4.9058047e-01
 -4.9044016e-01
 -1.7103083e-04
  1.9336302e-03
  4.4397202e-01
 -1.6526386e-01
 -1.7418906e-06
  7.4852866e-01
  3.1077117e-02
  2.3759140e-04
  6.8991321e-05
 -2.4309777e-05
  1.6648459e-04
 -8.7397218e-02
  2.6570959e-04
  9.6372387e-05
  4.4816981e-05
  4.9812290e-05
 -7.2885938e-02
  3.4550034e-02
 -6.0664897e-04
  1.9565942e-04
 -2.5022924e-01
 -9.1927264e-05
 -2.0032740e-04
 -2.0430124e-04
 -1.4069032e-04
 -1.4711308e-04
  6.3020460e-02
  9.4382631e-05
  3.2150914e-05
 -3.1658521e-05
  5.9049355e-04
  1.8267419e-04
 -2.3251903e-04
 -1.3562091e-04
  8.1822391e-06
  1.0259524e-04
  1.4010831e-04
 -6.0265349e-05
 -8.9927664e-05
  1.1112823e-04
  3.9630155e-05
  2.1488725e-03
  1.1665760e-04
  5.3910113e-05
 -4.5318699e-05
 -1.0442091e-04
  5.5874250e-05
  2.1689279e-04
 -2.8885505e-04
  1.8544171e-05
 -4.5352429e-04
 -1.5358529e-04
  3.9994880e-04
  3.4897063e-02
  5.0140610e-03
  1.8611363e-04
 -1.5937731e-01
  1.6812106e-03
 -1.5293635e-04
 -9.3831004e-05
 -3.1433188e-05
  9.9011809e-02
 -1.6754777e-04
 -5.6410106e-05
 -3.8102828e-04
  1.5909890e-04
 -7.7876000e-05
 -3.1779571e-05
 -3.1047678e-04
 -1.0680639e-04
  3.6819896e-04
  3.9179198e-04
 -2.4289639e-04
  1.5810126e-04
  5.5377452e-05
  1.8046128e-04
  2.1857932e-05
 -2.0567463e-04
  3.6771418e-04
  2.9992892e-05
  1.8400764e-03
  1.4546751e-02
 -4.0792194e-03
  1.4725102e-03
 -7.7661432e-02
 -5.3803945e-01
  1.2609236e-03
  6.8426234e-01
  1.7833487e-06
 -7.0945352e-05
 -9.2360370e-02
 -2.8443476e-04
  3.3400898e-04
  1.8982464e-04
 -2.6945394e-04
 -2.3005353e-04
  6.8677902e-02
  1.4637184e-02
  1.4616722e-02
  5.5929836e-02
  4.2816281e-04
  1.8716694e-04
  1.3080779e-04
 -2.5652343e-04
  2.9706882e-05
  5.7666421e-05
 -1.7995074e-02
  6.0719834e-05
  1.1013437e-04
 -1.6595815e-01
  8.8929097e-05
  4.0302190e-01
  1.5744019e-01
 -1.2820511e-04
 -9.4806544e-02
  2.7286533e-01
  5.2191015e-02
 -9.1757247e-05
 -4.4169909e-05
  2.3400271e-04
  5.1796001e-01
  1.5070735e-02
 -1.3281107e-01
 -5.8408722e-04
 -1.5564391e-01
  7.0370508e-05
 -1.9140991e-03
  6.2209986e-02
  1.4617143e-04
  1.1691686e-04
 -3.0392729e-04
  1.8922469e-04
 -1.7364166e-04
  1.6371117e-04
  1.1883638e-05
 -1.3011188e-04
 -3.4046464e-04
 -1.3362318e-04
  1.8140207e-04
 -5.6192304e-05
 -4.0197693e-04
  2.9254656e-05
  3.6707416e-04
 -1.1956030e-04
  2.4158424e-05
 -3.7655300e-01
 -2.2488108e-01
  5.4135811e-01
 -1.5526039e-04
  1.2679186e+00
 -5.0056142e-01
 -1.9541146e-01
 -1.0631214e+00
  2.4227005e-01
  2.5096464e-05
 -1.9192941e-01
  4.7001589e-02
  3.0660955e-02
 -1.1897661e-02
  1.3906877e+00
 -2.0084530e-01
  3.6018178e-02
  1.5772995e-02
 -8.5626421e-03
  2.3760870e-03
 -2.2707057e-01
 -1.2955129e-01
 -3.1805998e-01
 -7.8140914e-01
  6.3066691e-02
 -1.2199115e-02
  4.4828787e-01
 -3.4270737e-01
 -7.4246220e-02
 -2.2700946e-01
  2.3029208e-01
 -8.6737640e-02
  6.3714898e-01
  4.4168970e-03
  2.1931265e-01
 -5.9057683e-01
 -4.0771449e-01
 -1.1356758e-01
  2.8306946e-02
 -7.5131617e-03
 -4.6462452e-01
 -4.6660686e-01
  4.0725216e-01
  4.7960973e-01
 -2.2541301e-01
 -1.4382538e-05
  5.2342135e-02
 -7.2101846e-02
  1.8182967e-04
 -3.1668383e-01
 -3.4405934e-04
  5.6219265e-02
  1.3026007e-04
 -3.1384524e-02
 -1.7109645e-06
  4.9545697e-04
  2.9268287e-04
 -1.0766857e-04
 -4.4098408e-05
  3.1500994e-04
  4.1140325e-04
 -1.1678845e-04
  4.1972806e-05
 -5.4609991e-04
 -3.7498015e-04
 -7.4797249e-01
 -6.0603911e-01
 -3.5420933e-01
 -3.3838761e-01
  2.2924167e-01
  7.1876943e-01
 -1.1040845e+00
  6.4802635e-04
  1.6915757e-02
 -1.3683052e-03
  1.2252591e+00
 -2.2850233e-01
 -1.1022761e-01
 -3.5654376e-03
 -1.5359987e-01
  1.6933216e-01
  8.2234197e-05
  5.7761830e-01
 -1.0126736e-05
  7.9085606e-01
  3.7166914e-01
  7.3185630e-02
 -1.9767538e-01
 -1.8091799e-01
 -4.5889601e-01
  2.4007511e-01
 -2.7797280e-02
 -5.8002748e-05
 -1.2099753e-04
 -1.2687169e+00
  1.6990452e-01
  2.6237997e-01
  6.3025784e-01
  3.9874932e-01
 -7.3844530e-02
  5.1890683e-01
 -5.4147735e-05
  2.9303569e-01
 -1.1879430e-01
  4.0363801e-01
  6.8648815e-02
 -7.0220155e-01
  7.2367124e-02
  1.9622648e-02
  2.9759693e-01
 -1.3979831e-04
 -1.6733615e-01
 -3.8681424e-01
 -2.3807770e-01
  2.4157052e-01
  1.8348368e-01
 -4.1063401e-04
  6.0005928e-05
  1.4682199e-04
 -3.1257510e-05
 -3.8092739e-03
 -3.2907594e-02
 -1.4421876e-04
 -6.8873960e-05
 -4.3630724e-05
  2.6473679e-02
 -8.3976207e-05
  1.6447185e-02
 -6.4912159e-04
  1.4210865e-01
 -2.0553944e-01
  1.2293923e+00
  6.7465824e-01
  9.8849617e-02
  5.4428697e-01
 -4.3797772e-02
 -4.6307269e-01
 -5.0350004e-01
  7.1248502e-02
 -5.4771298e-01
 -4.9150914e-01
  3.7693724e-01
 -3.7987551e-01
  9.5937300e-01
  5.7213861e-01
  1.1164868e-02
  4.1225365e-01
 -2.6222307e-02
  2.0341589e+00
  3.2051630e-02
 -1.4080222e-01
  1.0246605e-01
  5.8563054e-01
 -6.9606686e-03
 -3.5288695e-01
 -1.3516816e-01
 -7.9940796e-02
  1.3258479e+00
  2.1050958e-01
  1.9908780e-02
  3.2559174e-01
 -4.4271573e-03
 -3.3352056e-01
  1.1871132e-01
 -5.5467240e-03
 -1.3013019e-01
  1.9726049e+00
  5.7434093e-02
  1.1391549e-01
  7.2781064e-02
  4.9574184e-01
  3.8382328e-01
  2.4529020e-01
  2.0300355e-02
 -1.4830372e-01
  9.7913539e-01
 -3.3527720e-03
 -3.8901445e-02
  2.1506332e-01
 -1.4146643e-05
 -7.1959861e-02
 -1.1168707e-02
  3.2221342e-03
 -3.8289994e-03
 -1.6502438e+00
 -2.0142116e-04
 -7.1438373e-04
 -1.8056422e-02
  4.1265157e-04
 -7.2767176e-02
 -1.8886538e-01
 -3.3423174e-05
 -1.2783392e-02
  2.6274201e-01
  1.9114182e-04
  2.7335309e-05
 -2.9216734e-01
  3.2263721e-05
 -8.1120794e-05
 -2.7230382e-04
  1.5972162e-05
 -7.8662738e-02
  7.4790492e-05
 -3.9757790e-05
  8.3614560e-04
 -3.0544854e-04
  7.0077564e-05
 -5.2367490e-05
  7.3239571e-05
 -2.9556948e-04
 -1.3601446e-01
  2.2866784e-04
  2.7308504e-05
  1.0502609e-04
 -8.4091356e-05
 -4.6307465e-05
  3.7664094e-04
  6.0206159e-05
  5.9058068e-05
 -5.2220066e-06
  1.0737953e-04
  2.8646929e-04
 -1.6851997e-04
  1.9343205e-04
 -1.5458332e-04
  1.2638112e-05
  2.5735889e-04
  7.1342038e-05
  3.2109674e-05
  5.9460982e-04
 -2.6394611e-05
 -1.3045300e-04
 -1.3998725e+00
 -3.0405354e-03
  2.9945615e-04
 -1.9489543e-04
 -1.8931683e-03
 -3.9494887e-04
  3.7383792e-04
 -8.6812284e-03
 -3.2736516e-05
  1.9537603e-05
 -2.9127760e-04
 -8.5054523e-08
 -4.7978432e-05
 -2.5012290e-05
  4.7574860e-05
 -1.3303773e-04
  1.3287037e-04
  2.7936652e-05
  2.8186271e-04
  9.9246728e-04
  4.4788554e-04
  4.6184199e-05
  6.4959306e-07
 -4.2142037e-05
 -5.4859636e-05
  6.4791253e-05
 -1.4757663e-04
 -1.0522897e-04
 -9.5193245e-05
  2.3424888e-01
 -6.1351698e-06
  3.4051397e-04
  2.0827658e-05
  2.4948912e-04
  2.5418536e-05
 -2.7189252e-04
 -3.9606626e-04
  1.7359572e-04
  2.3300956e-05
  8.4153132e-04
 -8.6663342e-05
  2.4609189e-04
 -1.8363234e-04
  1.2089900e-05
  1.1337199e-04
 -9.4560437e-06
  2.0615850e-04
 -1.3579853e-04
 -3.0026700e-05
  3.2875658e-05
 -2.2976437e-04
 -3.2591295e-05
  1.6877866e-04
  7.7089528e-05
 -1.2911868e-04
  3.2472206e-04
  7.1862924e-05
  3.7470649e-04
  1.6468159e-04
  2.5811957e-04
  2.3332583e-05
  2.0614534e-04
 -6.1977560e-05
  1.9244055e-03
  1.5581488e-04
  2.7263281e-05
 -4.0259245e-05
 -1.2388651e-03
  8.2596162e-06
  3.9126826e-04
  7.2222843e-05
  2.2458542e-05
  6.3913059e-05
 -2.5837752e-03
  4.0373663e-05
 -2.8993277e-04
 -8.8192319e-05
  1.1571601e-04
 -5.2610530e-06
 -1.8606492e-04
  1.3073947e-05
 -1.7321827e-04
  1.2599325e-04
 -3.3556757e-05
 -8.4111944e-06
 -4.8130933e-05
  1.0666108e-04
 -3.8152804e-05
  1.1934310e-04
 -2.9732963e-05
 -2.6656795e-05
 -2.5962840e-05
  4.2832966e-05
  2.1347064e-01
 -1.5116549e-01
 -1.1382505e-01
 -3.1826851e-01
  5.2949063e-02
 -9.4657975e-01
  1.9365792e+00
  5.0219512e-01
  4.4813073e-01
 -4.9858796e-04
  1.0467776e+00
 -1.0324889e-01
  1.7575841e-01
  1.3732405e-04
 -3.2156521e-01
 -1.3661766e-01
 -2.8246140e-02
 -5.4059231e-01
  2.4421962e-01
  2.8779521e-04
 -5.4100365e-04
  4.9199729e-04
  9.7090042e-01
  8.7470025e-01
  2.0241439e-01
  3.7546629e-01
  4.3822405e-01
  4.6249208e-01
 -2.6729293e-03
 -2.9914010e-01
 -2.3851529e-01
  8.4251342e-03
 -1.8771538e-01
 -2.3088964e-02
 -1.6247971e-03
 -1.9423558e-01
  2.6447278e-01
 -8.2082905e-02
 -1.9726308e-01
  1.2020665e-01
  7.6358162e-02
  2.6097208e-01
  1.0708364e+00
 -3.8112977e-01
 -3.9757816e-03
  3.9635299e-05
 -2.6824200e-01
  3.5261663e-04
 -1.1644094e-01
  7.2896934e-01
  9.0350145e-01
  6.2579045e-04
 -1.6466132e-04
  4.4268900e-01
  1.1474557e-04
 -7.9303488e-02
  5.9107417e-04
 -1.0920851e-03
 -8.9350611e-04
 -6.6490727e-04
 -1.0607988e-01
  3.5245708e-04
 -1.3034013e-01
 -1.5242872e-06
  3.8373839e-02
  1.0462000e-04
  2.0534773e-05
  3.4715629e-07
 -1.7633833e-04
 -3.3983793e-05
  3.5085267e-04
  1.5380254e-04
 -1.5474705e-04
  4.9633498e-04
  6.4319494e-05
  1.7576698e-04
 -1.3102159e-04
 -7.3679483e-05
  2.4367096e-04
 -9.1328417e-05
  4.1237940e-06
 -3.1054081e-04
  2.4572189e-05
 -1.1820584e-04
  4.6721159e-04
  2.7373662e-05
  4.8727120e-04
 -2.4072615e-04
  3.6594156e-05
  7.0549693e-05
 -1.1683475e-03
 -1.5900763e-04
  5.2823097e-04
 -1.1235477e-05
 -2.1001800e-04
 -1.2184268e-04
  3.7786955e-05
  3.6833045e-04
  1.2664661e-04
  5.3149874e-05
  6.8397538e-05
 -3.7829199e-05
  1.5557142e-05
 -4.0773084e-05
 -3.4411401e-06
 -1.0831098e-04
 -4.2530641e-04
  4.9835027e-05
  1.9260946e-05
  1.1434972e-04
  8.5892592e-04
  1.9053397e-04
  1.1867076e-04
 -5.8693804e-05
  2.2900877e-05
 -1.8253048e-05
  3.2739324e-04
  1.6216986e-04
 -1.6095488e-04
 -1.3963830e-04
 -8.8570298e-05
  1.9311983e-04
  2.5892790e-04
 -1.4269115e-04
 -3.2765573e-04
 -8.2443192e-05
  2.9029838e-05
 -2.6923153e-05
 -1.8598343e-04
  6.8185589e-04
 -1.7633022e-01
  8.1718838e-01
  1.1947290e+00
 -2.5213365e-02
  7.8224093e-01
 -2.4595382e+00
  8.7794667e-01
  8.7121075e-01
  7.1749808e-03
 -1.0766830e-04
 -1.6078863e-01
 -2.4878436e-01
 -4.9970178e-03
  2.0090636e-02
  1.3162773e+00
  2.2895260e-01
 -7.3076022e-01
 -2.0258190e-01
  1.6470181e+00
  2.1369599e-01
 -7.3782563e-02
 -2.3280395e-02
  1.5110393e+00
  1.3748440e-01
  4.5232615e-01
  3.3707112e-01
 -3.7830341e-01
  7.2625297e-01
  8.5454164e-03
 -9.0628320e-01
  4.6082735e-01
 -2.9019184e-02
 -6.8454427e-01
 -2.2577290e-01
 -6.1383563e-01
  1.7428902e+00
  1.6022000e+00
 -1.6168256e-01
  6.9019645e-01
  1.4820416e-01
  8.6905301e-01
 -4.6201897e-01
 -5.8619881e-01
  3.7307560e-01
 -5.6700784e-01
  1.2092829e+00
  4.0651668e-02
 -7.9515330e-02
 -5.5449490e-02
  8.0779153e-01
 -5.0106525e-01
  6.1128098e-01
 -4.0920308e-06
  7.3670171e-02
 -6.0173970e-01
 -1.8883620e-04
 -7.0967151e-05
  1.6639092e-04
  3.8212307e-05
 -1.4739027e-04
  8.2426115e-05
  5.8966276e-04
 -2.7653536e-01
  7.2643690e-02
  1.4488378e-03
 -3.5360933e-04
 -1.9042607e-01
  2.2409623e-02
 -1.6445540e-04
  6.7967339e-05
  8.7239452e-05
 -1.1384428e-05
 -2.6196957e-04
 -2.0010542e-04
 -4.2184045e-05
 -1.0302007e-04
  8.1638602e-04
 -3.2273023e-05
  4.5012063e-04
  8.0693855e-05
 -9.8080702e-05
  9.6510549e-04
  3.8655056e-05
  1.3099870e-04
  1.2063466e-04
  1.0185602e-04
 -1.9312988e-06
 -3.3789966e-04
 -1.8134229e-05
  1.8340404e-04
  3.5696308e-07
  1.2354336e-03
 -2.4069933e-04
  1.0035887e-04
  4.4088250e-05
  3.4393481e-05
  7.7163000e-05
  7.9288759e-05
 -5.4606957e-05
  1.9055557e-04
  2.0568741e-04
 -6.9590373e-04
 -9.0163499e-05
 -1.6791113e-04
 -1.1966488e-05
  4.3468197e-05
 -2.4392862e-04
  2.4023107e-03
 -6.1720559e-05
 -1.0068654e-04
  8.2546421e-06
  8.0471014e-04
  3.6017058e-04
 -7.4694755e-05
 -4.8625135e-04
  2.6074707e-04
  9.7038363e-05
  8.5369713e-05
 -3.8936367e-05
  1.8197939e-06
  1.4169698e-04
  4.1435935e-05
 -2.8522982e-04
  5.6075322e-04
  1.3310093e-04
  5.7530098e-05
 -5.7241737e-06
 -1.6009876e-04
 -2.0922962e-04
  1.3192302e-05
 -9.5914424e-05
 -7.8468292e-05
 -9.4548996e-05
  6.0839255e-05
 -1.2429043e-05
  4.5139019e-04
 -5.6858127e-05
 -3.5579124e-04
 -3.0490180e-04
 -4.7843030e-05
 -3.3509699e-05
 -1.6859038e-05
 -3.8558574e-05
 -2.8372771e-04
 -6.9339760e-05
  1.6951814e-04
 -2.8791060e-04
  1.0225655e-04
 -4.3230488e-05
 -2.6832748e-04
  1.4993057e-04
 -1.9385877e-04
  3.0923246e-05
 -5.9402992e-05
 -3.5770235e-04
 -2.9030794e-05
  6.6993351e-05
 -5.2509840e-05
  8.3958876e-05
 -2.6632002e-05
  6.8331067e-04
 -1.2424105e-04
 -1.0211236e-04
  1.4227271e-05
 -1.7195744e-05
  1.6266051e-04
 -9.5052346e-06
  2.2615424e-04
 -2.6876453e-04
  1.4897874e-04
 -6.2253072e-05
 -5.9659425e-05
  4.3770404e-05
  1.8228866e-04
  3.3128783e-06
  1.9100413e-05
  1.4299077e-04
 -1.1725506e-04
  1.1223953e-04
  2.6751068e-04
 -7.6630356e-05
  2.0496482e-04
  7.7502933e-05
 -3.9750561e-05
 -2.6996072e-06
 -1.2477118e-04
  1.6179368e-04
 -1.8667488e-05
 -5.3585900e-05
  5.5579236e-05
 -3.6714712e-04
  2.0850777e-04
 -3.3120647e-05
 -4.0516035e-05
  1.7717619e-04
  8.0234039e-01
 -9.8323679e-01
  3.5135245e-01
 -1.6323640e+00
  3.7630467e+00
 -9.2568564e-01
  2.5404341e+00
  7.7059478e-01
  7.1298754e-01
  7.6593256e-05
 -2.6785737e-01
  9.8285508e-01
  4.7743204e-01
  1.0502123e-02
  3.4772795e-05
  1.7453946e-01
  1.1542710e-01
 -1.8253195e-01
  9.9802548e-01
 -5.3164928e-05
  1.0603458e+00
 -1.6679426e-04
  1.8230008e-02
  5.5504583e-02
 -8.9429623e-01
  1.2444603e-01
 -1.4115406e-03
  8.2083386e-01
  7.0552480e-05
  2.1432879e+00
  3.0450124e-01
  2.2832395e-01
  5.9490204e-01
  7.5837964e-01
  2.3754311e-01
  5.0446600e-01
  3.8739684e-01
  4.4780219e-01
  1.1301504e+00
  5.4450077e-01
  1.8356053e-02
  3.7892884e-01
  5.9301016e-04
  5.8191925e-01
 -1.2429864e-01
  8.9550525e-01
  7.7619433e-02
  4.5487469e-01
 -9.8270735e-05
  1.4085653e-01
  3.3668869e-03
 -1.4505415e-03
  4.1842693e-05
 -7.0449620e-01
 -7.7669989e-05
 -4.4802018e-04
  1.8809911e-05
 -1.1987703e-04
 -3.4762910e-05
 -2.1162461e-05
  9.9736615e-04
  4.0718736e-05
 -1.7911532e-04
 -7.6224438e-05
 -3.3048618e-06
  1.0734239e-04
 -1.0890973e-01
  4.7350975e-04
 -5.7230922e-05
  6.8524139e-05
 -1.1122914e-05
 -1.2156783e-03
 -6.3011736e-05
  1.2708556e-05
  1.7953255e-04
  9.1188507e-05
  3.3048552e-04
  9.3068238e-06
 -6.6124063e-05
 -4.2411560e-04
 -1.2002585e-05
 -9.1301154e-05
 -3.6951096e-04
 -3.0566455e-04
 -1.3808635e-04
 -3.9726903e-04
 -2.4613921e-04
  4.2891793e-04
  1.8059354e-05
  2.3805189e-05
 -2.5065473e-04
  1.3980416e-04
 -1.1895937e-06
 -8.8427289e-05
  3.8462703e-04
  5.9009843e-05
  1.8460330e-04
 -4.9503495e-05
  3.4011864e-05
  4.7864978e-05
  2.5931873e-05
  1.4760033e+00
 -2.8704006e-05
  3.5917728e-05
 -3.6958983e-05
 -4.6576202e-04
  1.5780279e-05
 -2.7266701e-04
  1.9380644e-04
  9.6287491e-05
 -6.3128929e-05
  1.2444869e-04
 -3.2445524e-04
 -1.4083488e-04
 -3.7604599e-04
  5.8187525e-05
 -7.5007862e-05
 -6.2723928e-05
 -4.1675998e-04
 -3.8853116e-04
 -6.3800653e-06
 -1.7807797e-05
 -8.7686778e-05
 -9.6377298e-05
  1.0555182e-04
  2.2747750e-05
 -3.6815318e-06
  1.8157628e-04
  8.7035682e-05
 -2.3489339e-04
 -3.1606039e-01
  7.7718908e-01
  1.8482122e+00
  5.3105551e-01
 -1.2012689e+00
 -1.7697094e-01
 -1.0115891e+00
  5.9866869e-01
 -1.4367036e+00
  3.8974402e-05
 -1.4662327e+00
  1.4077668e+00
 -2.7855395e-04
 -3.3101121e-01
  1.5692074e+00
  5.3016102e-01
  5.6668556e-01
 -1.0949931e+00
  3.2004050e-03
 -4.5962107e-01
  1.0766954e+00
 -2.1578209e-05
 -3.6939913e-01
  1.8855450e-01
  1.4492254e-01
 -6.2909651e-01
 -2.7934328e-01
 -1.6817294e-05
 -1.8336115e-02
  1.4034772e+00
 -8.1115775e-02
 -1.0551400e+00
 -6.2583303e-01
 -2.8286424e-01
  1.4220650e-04
 -1.0890559e-01
 -1.5631787e-04
  8.0892473e-01
 -2.2000740e-01
 -4.7557291e-01
  1.7816095e-05
 -4.0207494e-02
  1.5687028e+00
 -1.7710471e-01
 -2.9329139e-01
 -3.0646591e-02
  3.3370130e-02
 -1.7071800e-01
  1.1013466e-04
 -8.5817388e-05
 -9.0919544e-05
  2.1862130e-01
  1.2231524e-01
  1.8908727e-01
  1.1146290e-04
  1.5547830e-01
 -9.7629905e-05
  2.2038427e-04
 -1.4666062e-04
  9.0118047e-05
  7.0652463e-02
  3.4774414e-05
 -3.3144280e-02
 -1.2142084e-04
  2.2430038e-05
  6.3559532e-01
 -6.2644094e-01
 -1.3513303e+00
 -9.4619456e-05
  1.0444274e+00
 -1.1099550e-01
  6.9916958e-01
 -1.5138148e+00
 -2.1014404e+00
 -6.3898246e-05
 -2.8824544e-01
 -3.7338182e-01
  9.7055323e-02
  9.4811934e-01
 -1.4273772e+00
 -6.2589061e-01
  8.3297223e-02
  1.0487727e-01
  7.0769489e-01
  4.2354706e-01
 -3.3613030e-02
  3.7746930e-01
  7.0291281e-01
  2.8479686e-01
  2.8321767e-01
 -4.8333606e-01
 -9.4595385e-01
  1.1629867e-01
 -1.0079921e-01
  1.0948107e-01
 -3.8441336e-01
  7.7591680e-02
 -3.3129060e-01
 -5.1343415e-02
  5.3158277e-01
  8.1819493e-01
 -1.2035081e-04
 -3.1722779e-04
  4.5546822e-02
 -2.1505112e-02
  2.4050175e-01
 -1.0122329e+00
 -5.7278413e-01
  1.7877728e-01
 -8.7536025e-01
 -2.0266166e-02
  5.4543436e-01
 -1.1410718e-01
  1.3618970e-04
  1.6365188e-01
  8.8865601e-02
 -3.7634233e-01
  4.3426592e-02
 -1.7342965e-01
 -7.2838093e-06
 -7.5574018e-02
 -7.9840851e-05
 -4.1963271e-05
 -2.9702862e-05
  5.2202875e-05
 -4.8031129e-06
  2.6261929e-04
  6.8039175e-05
 -8.8771289e-05
  1.2731159e-04
  6.9519920e-05
 -3.8278410e-01
  2.8516131e-04
  3.2244221e-05
 -8.2273982e-05
 -6.6526729e-04
 -4.1565625e-05
 -8.7673005e-05
  8.5539941e-05
  2.8941464e-05
 -2.4066509e-04
  1.0917569e-02
 -1.3412503e-05
 -1.1089963e-04
  3.1652502e-04
 -4.9014088e-05
  6.5670574e-05
 -3.5965579e-05
 -5.5188901e-04
 -3.6604656e-04
  1.0286470e-04
 -1.5275103e-04
  3.4264845e-05
 -5.0999387e-04
  2.4458495e-04
  5.6869521e-06
  1.3779588e-03
 -2.9367249e-04
 -2.9739441e-04
 -9.9927202e-06
  6.0409566e-05
  9.9055964e-05
 -5.1179569e-04
 -1.1905499e-04
 -1.2553140e-04
 -4.4843752e-04
 -7.5277479e-05
  4.3946744e-05
 -1.3923212e-05
  1.7527817e-04
  1.4744466e-04
 -8.1282941e-04
 -9.2311217e-05
  5.3076161e-05
  5.3434411e-05
 -2.2300606e-05
  4.5213514e-05
 -3.1765306e-04
 -6.4671546e-04
 -1.1141981e-05
 -1.2783418e-05
  2.6830382e-04
  4.5026598e-05
 -7.7171753e-05
  1.0441015e-03
 -6.0749873e-05
 -4.3079915e-05
  2.3023924e-05
 -2.2818519e-04
  8.9585228e-05
  7.9055695e-05
 -1.2313742e-03
  3.4381181e-05
 -8.6361448e-05
 -4.2652964e-04
 -1.3955795e+00
 -6.4471173e-01
  1.0493405e+00
  8.3874923e-01
  1.8134153e-04
  2.5700608e-01
 -1.0238230e-01
  3.2769939e-01
  5.4563844e-01
  4.7747272e-01
 -2.6719007e+00
  2.9347799e+00
 -4.3578530e-03
 -3.3039880e-01
 -8.8688844e-01
  2.9386774e-01
  1.6396445e-01
 -1.1928547e-03
  4.3885863e-01
  2.8568265e-01
 -7.3462695e-02
  7.5664499e-04
 -1.4758127e-02
  2.9489273e-01
  4.7045425e-01
 -5.5923605e-01
 -1.4379486e+00
  4.1773874e-06
 -4.1502708e-01
  1.6147139e+00
  3.8720044e-01
 -4.4080339e-04
 -7.8709587e-02
  5.8236355e-01
  2.3610231e-02
 -1.1395900e+00
  8.1500471e-02
 -6.9671327e-01
  1.9140875e+00
 -3.5359055e-02
 -1.4191863e-04
 -8.4230006e-01
  9.5368415e-02
  2.6155254e-04
 -1.5083575e+00
 -1.8157234e-04
  1.5696755e-04
 -3.8821378e-04
 -3.1649504e-02
  1.0892557e-04
 -9.9061371e-04
 -1.4847932e-02
  1.1039146e-01
 -1.6927388e-01
  8.0469094e-05
 -9.3206647e-05
  1.4114074e-01
 -2.3311219e-04
 -1.0347508e-04
  6.1482075e-05
  1.0317664e-02
  7.4494601e-05
  1.7757851e-04
 -8.2149578e-05
 -2.1747297e-04
 -3.1663082e-04
 -1.8539338e-05
 -5.9969123e-05
 -2.2946713e-04
  7.8697820e-05
  5.1457359e-04
  3.5521435e-04
 -2.1557500e-04
  6.7860812e-05
 -2.7963609e-04
  6.9790018e-05
  7.5333046e-05
  5.3002220e-04
  2.1727376e-04
 -2.6181810e-05
 -3.4632219e-05
 -3.1292486e-05
  1.5098874e-05
  2.7122299e-04
 -2.6473307e-04
  3.7568050e-05
 -6.4747117e-04
 -8.8240922e-05
 -1.1569721e-04
  5.6768833e-05
  1.1641809e-04
  2.7526447e-05
  1.9367413e-04
  4.1656840e-05
  1.0757991e-04
 -2.3790362e-05
  1.0816957e-04
  6.7238294e-04
 -1.8628890e-04
  3.4104527e-03
 -1.2362447e-04
  5.9203365e-05
  3.1328982e-05
 -1.8735563e-04
 -8.1900238e-05
  3.5019093e-05
 -1.0763335e-05
 -3.3898119e-04
 -2.3676611e-03
 -2.4027478e-04
 -1.1541790e-05
 -4.0531802e-05
 -1.9419852e-04
  1.0423712e-05
  6.6630470e-05
  2.8196044e-05
 -3.8739063e-06
  4.4255255e-05
  9.9566081e-05
 -2.0373795e-05
  8.0160593e-05
  6.3511368e-05
 -1.9159462e-04
 -1.4942231e-04
  1.6448107e-04
 -1.8927665e-05
  1.2939531e-04
  1.3159998e-04
  1.0954287e-04
  9.6419608e-06
  1.7083904e-01
 -2.2719839e+00
 -3.0022864e-03
 -9.5695751e-03
  1.5568601e-03
  6.4462447e-01
  5.5606294e-01
  1.0872827e+00
  5.2868435e-04
 -4.9301627e-01
  4.1610551e-01
 -8.4916651e-03
 -6.3600444e-04
 -2.6386569e-04
 -7.5586551e-01
 -5.7826169e-02
  1.8881196e-03
  4.5560511e-05
 -7.4844278e-04
 -2.7721420e-01
  7.8283772e-03
 -4.5878965e-05
 -3.3808810e-01
  4.8390102e-01
  4.0207410e-01
  1.6170970e-01
 -2.5165011e-03
  5.8793020e-04
  3.0164272e-04
  6.6687469e-04
 -1.0408343e-01
  2.6274350e-04
 -6.5851328e-03
 -2.5204128e-01
 -2.2699574e-01
  5.6729116e-03
 -1.0523443e-03
 -2.1123253e-02
  3.9801505e-01
 -1.8068790e-02
 -6.6095293e-01
 -4.6078408e-01
  1.1137629e-01
  5.1281517e-03
  2.6412930e-02
  2.1280110e-01
 -1.5198899e-02
  8.0179260e-04
 -7.2383124e-04
 -1.2113135e-01
  2.3741616e-02
  2.4559463e-03
 -1.3792404e-04
 -1.1473747e-01
  1.9208144e-04
  9.4292018e-06
  4.6928675e-04
  2.5752938e-04
  1.4074237e-04
  1.9121822e-04
  3.6913272e-05
 -9.6043099e-05
  6.6504377e-04
  5.6254939e-04
  2.6213724e-05
  8.6653277e-02
  2.5167629e-01
  8.5005426e-01
  5.5190188e-01
 -5.2290505e-01
  7.7869236e-01
  6.5674669e-01
 -7.6181555e-01
 -2.9841904e-02
 -2.7350006e-03
 -2.2347884e-01
  1.1156608e+00
  1.3814811e-01
 -1.6484493e-01
 -2.7592950e-02
 -5.8660209e-01
  4.7062775e-03
 -3.2128185e-01
  5.9160322e-01
 -5.2061820e-01
  8.0697095e-01
 -1.5347233e-01
  7.9087883e-01
  2.4048820e+00
  1.6753103e-03
  1.2464525e-05
 -1.6010337e-01
  2.0918241e+00
 -8.0214870e-01
  9.2333049e-01
 -6.8137020e-01
  1.7741629e-01
  1.8875033e+00
  5.1447803e-01
  1.1033077e+00
 -1.7368686e-01
  9.3141985e-01
 -1.1489945e-01
  7.6615947e-01
  3.1426853e-01
  2.0097384e-01
  1.2586875e+00
 -1.5024288e-01
  3.8051340e-01
 -6.3163698e-01
  9.4890815e-01
 -9.0718138e-01
 -1.4343876e-01
  3.5793424e-01
  6.3832814e-04
 -2.5645155e-01
 -2.5273213e-01
 -7.2269186e-02
 -2.5265997e-02
 -7.3275775e-01
  2.0188105e-01
  2.8371724e-01
 -3.6406764e-04
 -4.9667244e-05
  2.0165329e-05
  6.9913527e-05
  4.7351804e-04
 -7.6654810e-01
  3.3269898e-04
 -1.9991297e-04
  2.7813541e-04
  1.1679173e-04
 -1.6779294e-04
 -2.4962972e-07
  3.6429486e-05
 -2.2998158e-04
  1.7928443e-05
  5.2230520e-04
  2.0454961e-04
  3.7011199e-04
 -1.0399491e-04
  3.2515274e-04
 -5.2663288e-04
  8.5179352e-05
 -2.2711536e-04
  2.3469604e-04
  8.7181601e-05
 -1.0943603e-04
 -3.4284953e-04
  2.5400474e-05
 -1.7264643e-04
  4.6603403e-05
 -2.2911174e-04
  1.6780125e-04
 -5.4187069e-05
 -4.9774838e-04
  2.9900357e-05
 -9.1330396e-05
 -5.4488773e-04
  1.1658660e-04
  8.0767946e-05
  7.3408366e-05
  1.2890786e-04
 -3.0836073e-04
 -2.7708084e-06
  1.5229629e-05
 -2.2363728e-04
 -4.1827680e-06
 -6.1090826e-04
 -1.6472508e-04
  8.7611304e-05
  4.1790758e-04
  2.2057371e-04
  9.4113806e-05
 -8.1682272e-05
  1.6784954e-05
 -1.1767216e-04
 -5.6194167e-06
  1.5080471e-07
  6.4928150e-05
 -1.2141193e-05
  2.1391915e-07
 -3.5687885e-05
 -5.0311010e-05
 -1.1115857e-04
 -2.4616629e-05
 -8.4923224e-05
 -3.7237591e-04
  3.0775930e-04
 -1.2644126e-04
  4.6441810e-06
 -8.1363673e-05
 -1.3556764e-03
 -3.1500320e-05
  5.7580399e-07
  6.5305590e-05
 -2.0145100e-01
 -6.5181507e-03
 -8.7864435e-05
  1.1680435e-04
 -1.5561297e-04
  5.7460170e-02
 -7.0505604e-02
  1.8483849e-04
  1.8119658e-04
  7.9894700e-05
 -1.0878528e-02
 -5.2421383e-05
  7.8957010e-04
 -6.8341710e-06
 -3.1197167e-04
 -1.8998138e-04
  2.5747604e-05
  9.4769151e-05
  3.6086209e-04
  4.0030174e-04
  1.4605477e-05
  6.3380910e-05
 -1.1256040e-04
 -2.3394839e-06
  4.7596819e-05
 -2.1589344e-04
  5.0107745e-04
  1.6917818e-04
 -2.1328402e-05
  3.1457112e-05
 -2.2515154e-04
 -8.7625442e-05
 -3.5075974e-04
  2.2411921e-05
  5.4865511e-04
 -7.3138988e-05
 -9.5419600e-05
  4.0902218e-04
 -1.6677745e-04
 -1.7157212e-05
  2.5840913e-04
  1.1932910e-05
  6.5152664e-05
  3.8092770e-04
  9.8173565e-05
 -1.6053511e-01
  4.4850644e-04
  1.4451967e-04
  9.3607954e-04
  6.0537050e-04
 -1.0134215e-04
 -1.0378247e-04
 -2.2405812e-04
 -1.1212864e-04
  2.1490833e-04
  8.6107830e-06
  1.0761827e-04
  4.3892530e-07
 -1.8572802e-06
 -2.4350922e-05
  8.2932638e-05
 -2.2338403e-05
  8.8969609e-05
 -1.6592428e-04
  3.4899868e-02
  1.7055599e-03
 -3.4359986e-05
 -1.2095293e-04
  2.7540193e-05
 -1.7205767e-04
  3.8503691e-05
 -4.8126548e-04
  1.6300497e-05
 -1.0403953e-04
  6.0972761e-05
  4.1316947e-05
  5.2923049e-05
  1.6353396e-04
  5.7379002e-05
  3.7208604e-04
 -1.5024987e-05
 -2.9906200e-04
 -2.1658183e-05
 -5.0599170e-05
  1.0933314e-04
  2.2975941e-05
 -4.0975006e-06
  1.6374425e-04
 -2.6822239e-04
  9.7555094e-05
  1.6505545e-04
  1.4438054e-05
  1.1254037e-04
 -2.1922633e-05
 -6.9010704e-05
  2.3877096e-06
  2.0759046e-05
 -1.3467167e-04
  2.3489498e-04
 -1.6492976e-04
  1.2689675e-04
 -4.2637330e-07
 -3.7564654e-04
 -6.4873742e-04
  2.9773195e-04
 -8.9481066e-04
  1.5961867e-05
  6.0567112e-05
  2.9165411e-04
 -1.0838495e-04
 -4.1051651e-04
 -1.2339636e-04
 -2.5637506e-04
  3.9080874e-04
  2.1279711e-04
  5.9310329e-05
  1.4804538e-06
  1.1954245e-03
 -3.8091661e-04
 -2.4306144e-05
 -3.2318642e-04
 -2.0778547e-05
  3.2752485e-04
  7.4935364e-05
 -1.1579589e-04
 -2.0247739e-04
 -7.3274277e-05
 -3.7648126e-05
 -4.1764182e-05
  1.5480348e-04
 -3.3348829e-01
 -2.3695398e-05
 -4.3831283e-04
 -1.6223191e-04
  3.5216205e-02
 -2.7235141e-02
 -2.0186097e-04
  1.7334797e-04
  9.8092809e-05
  9.8304990e-06
  7.6688364e-02
 -1.7593287e-04
 -1.1507036e-05
 -1.0145686e-05
 -2.3038530e-05
  1.7018522e-04
  4.0119492e-05
 -3.2564951e-04
  4.2429974e-04
 -8.9498557e-05
  6.8112175e-05
 -4.5302670e-04
 -4.2672313e-05
  8.2232064e-06
  3.1448824e-05
  3.9755151e-02
 -5.5241992e-04
  8.8935740e-06
 -2.7031627e-01
 -3.9273971e-05
 -4.6875019e-05
 -3.4737702e-02
  6.8202986e-05
  1.1068862e-05
  5.2003008e-03
 -2.5360011e-03
  2.0024761e-04
  4.7123890e-02
  4.0621537e-05
  7.0147781e-04
 -1.2403374e-04
  2.1056883e-02
  4.4938501e-05
  1.8049584e-04
  1.3220923e-04
  7.3551938e-02
 -9.3797296e-03
 -6.5298536e-04
 -1.1073449e-04
 -1.9377696e-04
 -9.4913972e-05
  1.4694997e-04
 -9.4071624e-04
  6.7729423e-05
  1.2259936e-03
  3.5892877e-05
 -4.2233190e-05
 -2.2312440e-04
  5.3372537e-04
  2.4702749e-04
  2.0624544e-05
  3.3667740e-05
  1.0921863e-05
 -9.0771837e-06
 -1.2793283e-04
  7.8234607e-01
 -2.9593736e-03
 -1.1010161e-04
 -5.8703468e-04
  2.8666009e-05
  7.1845919e-02
  1.0882575e-04
  3.6886494e-04
  4.4929962e-05
  2.2533414e-04
 -1.3551784e-02
 -9.7328608e-05
 -1.4433394e-04
 -2.6477219e-05
 -6.7427514e-05
 -7.0422527e-04
 -3.1995929e-05
  8.0851483e-04
 -3.9349536e-05
 -1.6951657e-05
 -6.2478888e-05
  1.2649282e-05
  1.0299465e-04
  1.8225603e-04
  5.7809002e-04
 -4.4540331e-02
  6.6442683e-04
  3.2827895e-05
 -6.7740627e-02
 -2.1076662e-04
 -4.5912710e-04
  1.7509109e-04
  1.9289617e-04
 -7.9525256e-05
  1.2321612e-02
  1.6238639e-04
 -1.3411653e-04
  7.5197582e-05
 -5.0098686e-05
  7.4489826e-01
  4.1281787e-01
 -5.3269047e-02
 -5.2516581e-05
 -7.2327391e-03
  4.4965502e-05
 -2.4936972e-03
  7.8781732e-06
 -3.9048206e-05
  3.2523679e-04
  3.2608648e-05
  2.1772943e-05
 -1.0106246e+00
 -1.3100922e-04
 -1.4853441e-04
 -7.8179850e-04
 -1.2454636e-04
  6.0917864e-05
 -5.2781459e-05
  3.7592490e-05
 -2.8765367e-04
  2.7670528e-04
  4.6558398e-05
  3.5502300e-05
 -1.7276587e-04
 -1.1068334e-01
 -6.8818885e-01
  8.7503290e-01
 -1.4064330e-01
 -5.4163432e-01
  9.9033952e-01
 -6.5389878e-01
  4.4829696e-01
 -7.5483894e-01
 -2.9380572e-05
  3.1905362e-01
  4.7719118e-01
 -6.9630969e-01
  1.0638891e-02
 -7.4054110e-03
 -5.0419290e-04
 -3.0104460e-02
  4.1496742e-01
  4.4547438e-04
  3.0699532e-05
 -2.4200623e+00
  1.3868517e-03
  7.6466822e-05
 -2.9043690e-03
  5.9842402e-01
  5.4020905e-01
 -6.5537983e-01
  3.0653843e-01
 -2.8996766e-01
  5.8244795e-01
 -1.0203735e+00
 -4.0174101e-04
  7.9356372e-01
  4.2654005e-01
 -3.3483005e-03
  7.9598039e-02
  8.4635250e-02
 -1.4689390e-01
  8.6745435e-01
  8.2715088e-01
 -4.4658673e-01
  1.4728324e-01
 -1.4863439e-01
 -4.6397745e-05
 -1.5316921e+00
  3.9573602e-05
  3.2332208e-04
 -1.4826336e-05
  5.9432765e-05
 -6.7166133e-05
  3.5156478e-05
 -5.0646353e-01
 -3.6719564e-05
 -1.0259638e-01
 -1.8850531e-04
  9.1017915e-05
 -5.2841579e-06
 -1.7749150e-04
 -1.9604688e-04
 -6.6771230e-04
 -5.8619138e-05
  1.6459735e-05
 -1.1179464e-04
 -2.0260357e-05
  4.0125020e-04
  1.0374825e-01
  2.2125888e+00
 -1.7020119e-03
  6.5174776e-01
 -1.7830563e+00
 -1.1932416e+00
 -6.3929647e-01
 -1.0861084e+00
 -8.2813299e-01
 -3.4632686e-01
  7.6661944e-02
  2.4958538e-01
  7.0306833e-04
  1.2938944e-01
 -1.8332629e-01
 -5.9298590e-02
  5.0528175e-05
  1.3311192e-01
  3.9325884e-01
 -2.2054654e-01
 -8.7936930e-02
 -3.2059615e-04
  3.8805258e-01
  1.0142704e+00
 -2.5187978e-03
  7.7400677e-02
 -4.4391271e-01
  8.2887471e-02
 -2.1936947e-03
  1.1009691e-01
 -8.2062089e-01
  1.6758038e+00
 -9.3997443e-01
  4.6162865e-01
  7.9459482e-05
  1.8240990e-01
 -2.0124547e-01
  3.7625039e-01
  7.4256456e-01
 -1.7021349e-02
  5.0202072e-02
 -1.1856540e-01
 -1.4863595e-01
 -6.6170335e-02
 -1.3610326e-01
  6.7545742e-02
 -3.1322932e-05
 -1.5880787e-04
 -3.7677350e-05
 -5.2328309e-04
  3.1415117e-01
  7.1864482e-04
  7.3110019e-03
 -2.4575906e-01
  5.5347355e-05
 -1.0006911e-01
  3.6969712e-05
  1.1216654e-04
  6.0426701e-05
  1.8376700e-04
 -7.1149414e-05
 -4.3666735e-04
  2.0391295e-02
  9.5879601e-05
 -2.4071259e-04
 -1.9931534e-01
  2.1224655e-01
  7.5337613e-01
 -3.6233228e-05
  3.1737942e-01
  3.9362544e-01
 -8.4875649e-01
  1.5916296e+00
 -3.0222008e-04
  1.3584492e-01
 -2.0934453e+00
  1.1804516e+00
  1.5052401e-01
 -1.0684556e-01
  3.3816227e-01
  5.2657491e-01
  2.6255712e-02
 -7.8832990e-01
 -2.3566970e-05
  1.0061244e-01
  1.1841323e+00
 -3.3307037e-01
 -3.7326388e-02
 -1.5758523e-01
  5.7980198e-01
 -4.8774973e-01
  1.7335391e-01
  3.7950587e-05
 -7.8419776e-05
  3.7753201e-01
  2.4728051e-01
 -1.2764269e-04
  2.0856956e-04
  5.0887883e-01
  7.5952429e-04
 -4.6530357e-01
 -5.4868305e-04
 -1.1387133e-01
  4.9403557e-01
  7.4736470e-01
  4.7948513e-05
  5.9077525e-01
  4.1180439e-02
 -1.9712795e-02
 -1.2638633e+00
  5.0587200e-06
 -2.1681126e-04
 -2.0700771e-01
  5.5865927e-05
  3.4897315e-04
  5.8266493e-03
  2.2252819e-03
  2.2378395e-05
  3.3180174e-01
 -2.7099306e-05
 -1.8764303e-04
  6.4519438e-05
 -3.5608227e-05
 -3.8821434e-04
 -1.9465611e-04
 -1.3326129e-04
 -1.5655103e-05
 -6.4223417e-04
  2.3014089e-05
 -1.4154896e-05
 -5.7693862e-04
  9.2289336e-03
  1.3040277e-01
  1.1117838e-04
  3.6690155e-01
 -1.2152528e-01
 -3.3884663e-02
  1.4092937e+00
 -6.4958758e-03
  3.6980489e-01
 -3.6532745e-01
  1.1337603e+00
 -7.6675975e-01
 -3.0968740e-04
 -5.4804408e-05
  1.0444056e-04
 -5.8490741e-01
  2.3139851e-01
 -1.8294733e+00
 -4.7153593e-05
  3.3394906e-01
 -5.2894547e-04
 -9.8974690e-02
  1.1814495e-06
  4.3135703e-01
 -3.5421336e-01
  4.2698795e-01
 -1.1228995e+00
  9.1207097e-04
  8.3456881e-02
 -4.2417294e-01
  4.3960599e-06
  9.9520880e-01
  2.6533121e-02
  2.8509025e-06
  3.8640779e-01
 -2.1854901e+00
 -5.0251710e-01
 -3.3929697e-03
 -4.1084391e-01
 -8.2174904e-04
  9.7558147e-01
 -1.2306364e-02
 -1.7350086e-03
  1.7352921e-01
 -1.7994217e+00
  5.7284031e-02
 -1.3728891e-03
 -6.3034188e-04
  6.2819730e-05
 -6.0300418e-04
 -6.0381159e-02
  4.7467616e-05
 -1.2047034e-04
  8.1348544e-01
 -3.0515585e-05
  3.6657427e-04
 -2.0384364e-04
 -4.6375575e-05
  5.9893570e-04
  6.9500074e-02
 -2.5352713e-06
 -8.8419627e-05
 -1.3545397e-01
 -8.7672415e-05
  3.1430740e-03
  3.2781862e-02
 -4.5425605e-04
  2.4587236e-04
 -6.7454207e-01
  2.6397687e-01
  1.5902118e-01
  1.4551525e+00
  1.1690233e-01
  4.1397673e-04
 -5.8840114e-01
  1.2075261e-01
  3.4592289e-01
  6.1965373e-04
 -1.1420485e-04
 -1.5015886e-03
  5.3584290e-01
  1.8882251e-01
 -2.7485515e-03
  1.3119901e-04
 -1.8607034e-01
 -1.9609839e-02
 -9.2354538e-05
  3.2918313e-01
  1.2152492e-01
  1.3103362e-04
 -1.2174760e-01
  1.1453681e-05
  2.8180357e-04
  9.6965128e-01
 -2.2196031e-01
 -3.5071680e-01
  9.6484113e-01
 -1.9019388e-01
 -1.0052430e-01
 -2.9269496e-01
 -2.5326848e-01
 -1.2949686e-03
  4.8028898e-01
 -3.1111907e-04
 -6.1112070e-03
 -1.5475585e-02
 -5.2231655e-04
 -5.0184250e-01
  2.4317589e-02
 -1.5841285e-04
  7.1881220e-02
  1.1104234e-01
  6.1287195e-04
 -4.1259419e-02
  3.8952803e-05
 -2.2285699e-03
 -5.0052227e-03
 -4.3483025e-01
 -2.3896433e-05
 -7.8470366e-05
 -5.6554098e-05
  2.0954142e-04
 -4.6719859e-05
 -8.7492619e-05
  4.6109915e-04
 -3.7189666e-04
  2.4543679e-05
 -1.3142693e-05
 -6.7462900e-04
 -1.6407815e-03
 -2.0612973e-04
  3.0090247e-04
  9.2870068e-05
  5.3798623e-05
 -1.3099416e-04
  2.9002206e-04
 -1.1440017e-04
  5.7906160e-05
 -3.9593524e-05
 -1.4274305e-04
  9.5995296e-05
 -7.7240966e-06
  7.9927254e-01
 -5.0452061e-05
 -3.3607266e-05
 -5.0561976e-05
 -1.7189882e-04
 -3.0099702e-04
 -4.9629773e-05
 -1.1181990e-04
 -3.2223797e-05
 -1.7504850e-04
  9.4978801e-05
  2.3822649e-05
 -1.9734658e-03
  1.2456971e-04
  3.0588773e-05
  5.2605523e-04
  1.5595225e-04
 -3.5306904e-04
 -9.7789911e-05
 -5.3326439e-05
 -5.2830779e-05
 -2.7051019e-05
 -8.8013214e-05
 -4.2432241e-04
 -6.2696294e-05
  9.1934271e-06
  2.7078245e-04
 -1.0522641e-04
  4.0287906e-04
 -1.3793174e-04
 -2.0190954e-04
  2.1082710e-04
 -3.6575682e-05
  1.0446052e-04
  2.3545341e-04
 -4.8601696e-06
 -1.0111403e-04
 -3.4673896e-05
 -4.9019018e-05
 -1.0388716e-04
 -6.0775368e-05
 -9.8962137e-06
 -1.6062619e-04
 -9.4204843e-05
 -1.2717233e-04
  8.2520673e-05
  4.1468364e-05
 -2.4135836e-05
  6.2816034e-06
 -8.4573665e-05
 -5.8403435e-05
 -6.7775551e-04
 -2.7739403e-05
  2.0112309e-01
 -4.5205306e-04
 -9.8112971e-05
  1.7180917e-04
  1.7787208e-05
  2.2047861e-05
  8.7821885e-05
 -5.6562944e-06
  3.2027121e-04
  1.1092988e-04
 -2.2735374e-05
  7.8629644e-05
 -6.4111475e-05
  9.6391595e-05
 -9.5542018e-05
 -1.1970230e-05
 -2.4614263e-05
 -2.8571305e-05
 -2.3060654e-04
 -3.7504648e-04
  1.0606126e-04
 -1.3604321e-04
 -1.1670624e-04
 -8.5507194e-04
 -5.6420311e-05
 -9.7192933e-05
  2.7983013e-04
  1.4001070e-04
  1.3738712e-04
 -4.8563423e-05
  6.8066147e-05
  7.6752275e-07
  6.1112561e-04
 -2.2131822e-04
 -3.3511952e-04
 -7.9112251e-05
  3.5580387e-04
  1.1485501e-04
 -6.6054787e-04
  5.9241767e-05
 -2.3439422e-04
  1.4072258e-05
 -7.8987150e-04
 -2.1149471e-04
  1.2907351e-04
 -1.4544608e-03
 -1.2517639e-04
 -1.0643890e-04
  7.6505778e-05
 -9.5422307e-05
  3.2405722e-05
  3.7996939e-04
 -1.9641417e-05
  2.4847125e-04
 -2.3190709e-04
 -1.4091966e-06
  2.5420936e-06
  1.1873117e-04
  4.0257906e-05
  2.9280357e-04
  4.7507140e-04
  3.7307822e-05
  7.5745913e-05
  3.4880715e-05
 -3.0953673e-04
 -2.0639324e-03
  3.3459152e-04
 -9.6034768e-05
 -4.9814767e-05
  2.6613259e-04
 -2.8010545e-04
  1.0588901e-06
 -1.2909857e-05
 -8.4928404e-05
 -7.2005139e-05
  1.9997720e-05
 -3.6746848e-04
  1.7662489e-05
  9.1469403e-05
  1.9195628e-04
 -1.8235649e-03
 -3.3726636e-04
 -4.8396696e-06
  1.7619433e-04
  6.3061628e-07
  7.2882947e-05
 -8.7828848e-05
  1.9276874e-04
 -1.4404932e-04
 -2.3331040e-05
  3.3278900e-04
 -9.1663504e-04
 -2.6095423e-04
 -1.0574124e-04
 -5.0412043e-04
  2.8077848e-04
  1.1047089e-04
 -1.3230485e-04
  7.2756338e-05
  6.1769999e-05
 -2.0859870e-05
 -3.6150479e-04
 -1.2201228e-04
  5.5376542e-05
  1.1747049e-05
 -3.6281766e-04
  7.6036267e-05
  2.3617911e-04
 -9.6455083e-04
 -4.2322121e-05
 -1.9914472e-05
  1.3604741e-04
  5.8205683e-07
 -6.3791704e-05
 -4.7129145e-04
  2.9057768e-04
  1.8267411e-04
 -1.5708468e-04
  2.1772707e-04
 -4.0876341e-05
 -2.6222413e-05
 -6.3595093e-05
 -1.6161120e-04
 -7.5109347e-05
 -1.6853616e-04
  3.8831495e-04
  1.4653477e-04
  5.9016961e-06
 -8.2881685e-05
 -2.7052712e-02
 -1.1085377e-01
  5.9768356e-02
 -5.9628423e-04
  3.3551882e-04
  1.3320545e-04
 -6.1388472e-03
 -7.6280876e-06
 -5.3691794e-04
 -3.8631657e-05
  3.1784177e-04
  1.3906681e-02
  3.6404384e-04
 -2.2197089e-03
 -4.8272434e-04
  1.3714599e-04
 -3.4851535e-05
 -1.9330745e-04
  1.4772966e-04
 -2.2870819e-04
 -1.0675089e-04
 -3.1914341e-04
  1.8969519e-04
 -4.1051162e-06
 -7.8468976e-05
  1.2523927e-04
  5.6980643e-06
 -1.0749597e-04
  6.3952844e-04
 -5.8418645e-05
 -2.1130680e-04
  3.2105079e-05
  2.7094086e-04
  4.7530762e-06
 -1.8800117e-04
 -4.5022303e-03
 -1.4805398e-05
  3.0842109e-04
  2.9343957e-05
 -1.7575585e-05
 -3.6549573e-05
  1.2887549e-05
  2.0010914e-03
 -2.6140480e-05
  1.5876125e-04
  1.0803744e-05
  6.7356132e-02
 -6.5486944e-05
 -3.8736536e-05
 -5.6259654e-04
 -2.0126086e-04
  2.2133534e-05
  1.0909739e-04
 -7.1737930e-05
  1.3168850e-04
  1.4072897e-04
  3.3929868e-05
 -1.9707211e-06
 -4.7233711e-06
  2.6606381e-04
  2.3600155e-04
  8.9752302e-07
  1.1069374e-04
  1.7366529e-04
 -1.4473249e-04
  2.3546828e-04
 -7.9565749e-02
  7.6645329e-03
  9.0472102e-02
  6.1381445e-04
  1.4203411e-01
 -4.0550742e-02
  1.1163282e-04
  7.6003162e-05
 -3.7380018e-05
 -5.6476786e-04
 -7.5873697e-01
  5.1551627e-04
 -1.7433054e-05
 -2.8142921e-04
  3.1437085e-04
  4.3478223e-05
  1.4177617e-04
 -8.9144771e-05
 -7.7263743e-05
 -1.7132916e-04
  1.6598958e-03
  5.9322087e-05
  3.7082165e-05
 -3.5675184e-04
 -6.5467335e-05
  5.8029592e-03
 -7.5232628e-04
 -1.6098646e-04
 -9.1896154e-04
  6.6045446e-05
  2.3780561e-04
 -5.9524920e-02
 -2.0040299e-03
  2.6550106e-05
  8.8707588e-05
 -4.5123907e-05
  7.3869727e-05
 -2.2196957e-04
  2.1369610e-04
 -5.8455036e-05
 -2.7042866e-04
  1.4826839e-04
 -9.3585862e-05
  3.5666898e-04
  5.0349050e-04
  4.8582517e-02
 -3.7031478e-04
  6.1107181e-05
 -1.2749648e-05
 -5.1394117e-04
 -6.2888641e-05
 -2.1095142e-04
 -5.7676654e-05
 -5.7010177e-05
  1.9133324e-04
 -9.2089809e-05
 -3.9911884e-06
  2.8077478e-04
  1.0826001e-04
  8.2899853e-05
  1.9943887e-04
 -2.0267387e-05
 -2.7708096e-05
 -8.4955755e-06
  4.2001837e-01
 -4.8211338e-03
 -5.0284380e-01
 -1.0517478e+00
 -4.5696113e-01
 -1.0578785e+00
  1.7232588e-01
  3.7711433e-01
 -3.3417138e-01
 -2.2115014e-02
 -1.1738038e-01
 -3.4378988e-01
 -1.5923589e-01
  7.4026844e-05
 -3.3734623e-01
  1.0348511e-01
  5.0001545e-04
  2.8740671e-01
 -1.2678362e-01
 -1.4111716e-01
 -8.7309390e-01
 -5.5378479e-01
  3.0761874e-01
 -2.7316105e-01
  2.7798831e-01
  2.8312913e-01
  1.8324710e-05
  2.4747039e-04
 -1.6470534e-01
  2.0136742e-01
  1.8039912e-01
 -9.7256672e-01
 -6.1619347e-01
 -1.1013240e+00
  4.9270313e-02
 -1.1163741e-01
  2.0639595e-04
 -7.8972399e-01
 -1.4817606e-01
 -4.9615884e-01
 -3.2144596e-03
 -6.9324565e-01
 -1.3458574e-01
 -2.9991409e-01
  4.9725544e-02
 -9.6470080e-02
  5.8839578e-02
 -1.3323428e-01
 -1.2542215e-02
 -7.2627132e-05
  7.6362665e-04
 -6.2105626e-01
 -1.8563613e-01
  3.3742435e-02
 -4.5467357e-04
 -3.7391388e-01
 -3.4416161e-02
 -5.2876789e-02
  1.7337801e-04
 -1.8138674e-04
  4.1216396e-04
 -6.7797943e-04
  1.2682253e-01
 -5.3712680e-05
 -5.0838789e-05
 -1.3947026e-05
 -3.6984574e-02
  6.8130717e-02
  3.5878475e-06
 -2.2771512e-05
 -5.9785717e-04
 -1.1672442e-02
  1.7968714e-05
 -4.4605658e-05
 -8.2161205e-05
  1.2814834e-04
  1.2650486e-04
  5.2883704e-05
 -8.6555789e-05
  4.6913727e-05
  4.4014101e-04
  1.2251892e-01
 -4.7629455e-05
 -3.3899687e-05
 -1.7445354e-01
  8.9958026e-05
  8.1253602e-05
 -4.3784615e-04
  4.0938408e-05
  1.1150293e-02
  4.3819819e-06
  9.7692020e-05
 -4.3990454e-07
 -2.8640893e-04
  1.4633258e-04
  6.9375138e-04
  2.6551657e-04
 -8.4499456e-03
 -2.5035042e-05
 -1.8411785e-04
 -2.7251351e-04
 -2.7376175e-04
 -6.0817983e-04
  5.0551386e-04
  2.3491286e-02
  9.4342489e-05
 -5.7035516e-04
  3.0837940e-02
 -3.4670881e-04
 -7.5918046e-04
 -2.1791288e-04
  1.7851127e-02
 -7.1666145e-05
 -2.7511897e-04
 -4.1546738e-03
 -8.4840656e-05
 -5.3135263e-05
  2.6228884e-04
  1.3521923e-04
  1.3674550e-04
 -5.7341153e-05
  1.4690933e-04
 -5.5317701e-05
 -6.9423899e-05
  1.0655781e-04
 -1.0785130e-06
  2.2342881e-05
 -3.5420089e-05
  5.4608918e-05
 -2.3818898e-04
  9.0550369e-05
 -1.0663307e-04
  2.3251496e-05
 -1.7032181e-04
 -1.3610184e-04
 -4.6006902e-04
  1.2310028e-05
  3.3415787e-04
 -4.5576636e-04
 -2.7912272e-05
 -3.1023059e-04
  2.2759872e-04
 -3.5202646e-04
 -1.5197959e-05
  1.5680077e-04
  3.8482633e-04
 -1.1507008e-04
  1.3321871e-04
  1.8471562e-04
 -1.2773942e-04
 -2.8313636e-05
  4.0334216e-04
  1.5094773e-04
  3.3987275e-05
 -4.1534127e-05
 -2.5447447e-05
 -4.0702354e-05
  2.9036641e-05
  1.9285273e-05
 -7.7469813e-06
  1.8079317e-04
  3.7437665e-05
  4.6511799e-05
  1.1201874e-04
  1.1896868e-04
 -6.9519141e-05
 -1.0217103e-04
 -1.9360989e-04
 -2.2800856e-04
  4.3510146e-05
 -8.0028898e-05
  5.0638253e-05
  1.4752416e-04
 -2.6221501e-04
  1.2632911e-04
  1.3066907e-04
 -6.0381968e-05
 -3.7909602e-05
 -7.3423630e-06
 -4.0445505e-03
 -6.1129293e-05
 -1.2763705e-04
 -1.1309855e-04
  2.8251903e-04
 -2.4237242e-04
 -1.1941355e-04
  1.0838770e-04
 -4.9321043e-06
  1.9593381e-04
 -2.1206313e-04
 -5.5675901e-05
 -2.0871076e-04
  1.9681857e-04
 -1.0237828e-04
  3.5364495e-04
  2.0716517e-04
  1.8977625e-02
 -1.7723490e-03
  2.1359877e-04
 -1.8384664e-04
 -1.5830720e-04
  7.1553812e-05
  4.4469285e-05
  1.3833570e-04
  4.0750776e-05
  1.0023131e-04
 -5.9743608e-05
  1.0274306e-04
 -8.0832164e-05
 -5.3287070e-04
 -9.3131770e-05
 -9.7058961e-05
  4.6738096e-05
  1.5662829e-04
  3.4660808e-04
  6.0583159e-05
 -4.9837388e-04
  4.0869010e-04
  2.6548416e-05
 -1.8550805e-04
  2.7628528e-05
  4.7108355e-05
  7.9659905e-05
  1.9667101e-04
  3.3500188e-04
  1.7248858e-05
 -1.6063601e-05
 -1.4255129e-04
 -2.8932618e-04
 -3.9093746e-04
  1.6950270e-04
  3.2043378e-04
 -9.2615148e-05
  8.2900532e-04
 -1.5448847e-02
 -3.1275448e-04
  3.4182784e-04
 -8.9629209e-03
  1.1867653e-07
 -7.9404032e-05
  1.4343423e-05
 -3.8538951e-02
 -1.2821974e-06
 -6.7077810e-05
  6.2439317e-04
 -4.0714105e-05
 -6.5386397e-05
 -2.7054184e-05
 -4.5048480e-05
  3.6012294e-05
 -8.1456492e-05
 -1.1816699e-04
 -1.0115877e-04
 -1.7823814e-04
  2.7031672e-05
  7.9498510e-05
 -4.4586169e-04
 -1.1741020e-04
  1.2400023e-04
 -7.9449901e-06
  5.5954933e-05
 -1.5281174e+00
 -9.4159375e-05
 -5.4293824e-04
 -2.0726155e-04
  1.3068169e+00
  3.1242197e-04
  8.4966177e-06
 -5.2619663e-07
 -3.3101190e-02
  7.5775951e-02
  1.7264491e-01
 -1.3007837e-03
 -1.7632048e-05
 -2.4897256e-01
 -5.9455133e-06
  1.4531022e-03
  1.3922428e-04
  3.8267484e-05
 -1.8411567e-05
  1.1233473e-04
 -4.0466188e-05
 -3.5468340e-02
  1.6414639e-04
  1.5679941e-01
  1.2021085e-01
 -1.6990630e-04
  1.8497246e-04
  9.5718965e-02
 -1.1033029e-04
 -2.2958462e-01
  2.2570325e-04
 -1.4582347e-02
 -2.9879392e-04
  6.6299290e-05
  4.9979698e-02
 -8.7166307e-05
 -5.7299207e-05
 -2.8731991e-02
 -1.5187332e-02
  2.1288871e-04
 -3.5769522e-01
  1.9629857e-04
  1.0002149e-01
  1.1481245e-02
  1.0765180e-01
 -1.7884720e-05
  1.7293464e-04
 -2.4685923e-03
 -4.6530701e-02
 -1.9024927e-05
  8.5358362e-05
  5.1835228e-02
  7.9311547e-05
  3.5224486e-05
  5.6764780e-05
  2.1977026e-04
  6.1473579e-06
  1.4690056e-06
  3.2534072e-04
 -1.3665811e-03
 -3.1692535e-04
 -1.1807496e-04
 -3.2265997e-04
  5.2638043e-06
 -7.6858771e-05
 -6.9715273e-01
 -4.6165434e-05
 -2.9362428e-01
 -3.0553046e-01
 -3.3138195e-04
  1.7199366e-04
  2.7547844e-04
  3.2087781e-05
  2.9304087e-05
 -1.3938236e-01
  7.0712373e-02
  1.2676331e-04
 -1.4174955e-04
  2.2962869e-05
  4.8792303e-05
 -2.5142068e-05
 -3.0196781e-05
  3.3074572e-05
  7.5760749e-05
 -1.7605055e-04
  8.8221073e-05
 -1.4950424e-04
 -1.7114321e-04
 -2.9762209e-04
 -5.5083341e-04
  3.1170229e-04
 -6.6869031e-04
 -2.8687698e-05
  3.6620848e-05
  6.6356406e-05
  5.0518200e-05
  2.3892532e-04
 -7.4345051e-05
 -1.2389362e-01
 -2.0313739e-04
 -4.3766122e-05
 -1.0723634e-04
 -9.9682999e-01
  1.1340642e-05
 -2.4041240e-04
 -2.7968870e-02
 -1.6865689e-04
 -1.0298865e-01
 -1.4191732e-04
 -8.3858387e-05
  7.7405435e-05
 -3.0455345e-04
  6.0307168e-05
 -3.8569799e-04
 -2.8782949e-04
 -2.0557745e-04
  6.3697182e-05
  1.3273746e-04
 -2.7213513e-04
  1.7396348e-04
  4.5103967e-04
  1.7685872e-04
 -3.6719928e-05
  1.4809456e-04
  2.0388750e-04
 -4.4541714e-05
  9.5496311e-05
 -3.6062847e-04
 -1.3123124e-05
  5.2152478e-05
 -7.0157956e-05
 -9.3329385e-05
 -1.2193294e-04
  2.0379875e-05
  1.0702148e-04
  6.7232182e-04
  6.7811415e-02
 -1.7434913e-04
 -2.7399079e-05
  9.5538315e-05
 -1.9071609e-04
 -1.5017747e-04
  1.6272964e-04
 -2.3198318e-04
  6.0698188e-05
 -1.6329881e-04
 -8.2543294e-05
 -1.3983692e-04
 -2.1633591e-06
  9.9170044e-05
  1.8206253e-04
  1.6391929e-05
 -2.3683864e-05
 -9.6152908e-05
 -2.8694238e-04
 -5.8044773e-04
  4.6307745e-04
  7.5502670e-05
 -1.2066695e-04
  3.8972481e-05
  6.1427086e-06
  2.1308348e-04
  1.3366175e-05
 -2.2168596e-04
  7.5383956e-04
  3.6230151e-06
 -1.0786115e-05
  1.1063206e-04
 -6.2119303e-05
 -8.4676707e-05
 -9.1121867e-05
  9.1108283e-05
 -5.9906113e-05
  4.3880405e-05
  2.1804868e-05
 -8.6965134e-05
 -3.7561280e-05
 -5.6172888e-05
  1.3330167e-04
  3.5818539e-05
  2.2784645e-04
 -4.6646466e-05
  4.3978207e-04
 -1.1673365e-04
 -5.5827768e-06
  7.5187472e-06
  1.3138201e-04
  1.2174118e-04
  4.6315436e-05
  2.2458157e-04
  1.6307787e-04
  5.1528605e-04
  1.8127657e-04
  2.8932755e-05
 -4.8761274e-05
 -2.0435451e-05
 -8.2534435e-04
 -1.5994177e-05
 -5.0247813e-06
  1.5004432e-04
 -2.6497972e-04
 -1.6327412e-04
  5.4437762e-05
  2.5206904e-05
  2.4349058e-04
  1.2134109e-05
  1.4269484e-04
  1.3314723e-04
  2.2965495e-04
 -9.1168449e-06
  1.3924579e-04
 -4.1526437e-05
  2.9285633e-04
  1.1716807e-04
 -6.2628358e-05
 -4.9114002e-05
  3.5287314e-05
 -1.6630006e-04
  1.4379263e-04
  7.4411713e-07
 -1.7839240e-05
  3.4965364e-05
  1.5799460e-04
  1.6044673e-04
 -5.7438701e-05
 -5.4253265e-05
 -5.1477796e-04
  1.3516026e-04
  8.7982713e-05
  1.5004139e-04
  5.5098513e-05
  1.7975942e-04
 -1.7476562e-04
  1.2726799e-04
  4.0831066e-05
  9.2293354e-05
 -3.6417530e-04
 -9.2848248e-05
 -2.6355757e-04
  8.7525419e-05
 -3.1827036e-05
  6.3960715e-06
  4.0767864e-05
  4.9468764e-04
  3.7458420e-04
  9.8399774e-05
  6.5941211e-05
 -2.1787377e-05
  1.3382547e-04
  4.1860790e-04
 -4.2701020e-05
 -1.5362579e-04
 -8.4562547e-05
 -1.9289639e-04
 -3.0096768e-05
 -1.2736745e-05
  7.5162949e-05
  1.9982496e-04
 -1.6394632e-04
 -8.5026842e-01
 -7.6508003e-01
 -1.3990827e-01
  1.0366842e+00
 -8.5971868e-01
  3.1723243e-01
  1.2497841e+00
 -4.9898049e-01
 -2.7502422e+00
 -5.0404179e-01
  1.3397889e+00
 -1.6447725e+00
 -5.6662620e-03
 -3.7938529e-01
 -1.4220324e+00
  6.1568660e-01
  5.2348983e-02
  7.8920744e-02
 -5.6406450e-01
  1.8907847e-03
 -2.3722639e+00
  1.3116283e-03
  2.7329376e-04
  4.7682193e-01
  4.0945894e-01
 -2.4647182e-01
 -9.0094936e-01
 -2.9447043e-01
  1.5320105e-04
 -1.5087348e-02
  1.1005171e-03
 -5.2735233e-01
 -1.6238124e+00
  3.8295195e-01
 -6.4875251e-01
 -5.9827071e-01
 -2.2112882e-04
 -1.0921551e-01
 -1.1117026e+00
 -1.1878454e-03
 -1.6123551e-01
 -2.0400496e+00
 -1.1209661e-01
 -1.3016661e+00
 -6.3442183e-01
 -3.3973026e-01
  3.5784792e-02
  5.0499523e-01
  4.0084855e-05
  2.0327810e-04
  4.1329163e-01
  2.8110215e-01
 -1.7533097e-02
  2.2936152e-01
  2.0086898e-04
 -4.0704569e-01
  6.9035200e-04
 -3.2813596e-06
  1.1013965e-05
 -8.5226953e-04
 -1.1824854e-04
  4.8755560e-04
  6.8246614e-04
  5.8053414e-05
  4.4198059e-02
  4.6523166e-04
  1.1609079e+00
 -4.5583900e-05
 -1.6134287e-05
  5.2988356e-01
  1.8693988e-04
 -8.2669590e-05
 -1.4980220e-04
  1.5784574e-04
  1.7574255e-04
  3.4958258e-01
  2.6189921e-06
 -2.1777309e-04
 -3.2198755e-04
 -6.6519664e-05
 -3.3431137e-05
  2.5020163e-06
  3.1379168e-04
  5.2573695e-04
  8.1346062e-04
 -7.9070815e-06
 -4.1591729e-06
  6.2560482e-04
 -1.1476494e-04
  2.3952673e-05
 -5.9748792e-05
 -1.1753937e-05
  7.6920129e-05
  1.1340770e-05
 -1.9730376e-05
  1.1008000e-04
  5.8749329e-06
  1.0977133e-04
 -7.2336305e-05
  1.9103851e-05
 -1.6056595e-04
  6.0456269e-04
  2.6780003e-04
  1.4169946e-04
 -2.7601356e-05
 -1.3442400e-04
 -1.1179899e-01
 -3.4224897e-05
  1.4112747e-04
 -3.0558242e-04
  6.4877572e-04
  2.5854666e-05
  2.3827916e-04
  8.2204002e-05
  9.7694923e-05
 -6.2655730e-05
  3.3656106e-04
  1.3391488e-05
  1.3034005e-04
 -6.7381196e-05
 -3.5642355e-04
  3.8602542e-05
 -8.2553648e-05
  4.2863147e-05
  1.8510135e-04
  2.3705553e-04
  2.1792164e-04
  8.7900531e-05
 -6.9393478e-05
 -7.3658139e-06
  6.3856408e-02
 -1.0729011e+00
  1.8272649e-01
  2.2089796e-01
  9.6590426e-03
  1.3566669e+00
 -4.1516866e-03
  7.8987360e-01
 -1.3261794e-01
 -1.6199045e-04
 -1.4232746e+00
  4.7335860e-01
 -4.0220758e-01
 -4.8821903e-04
 -1.2871749e+00
  8.0871207e-01
  1.7463870e-02
  9.0923256e-01
  1.9048684e-06
  3.5351812e-04
 -4.8824933e-01
  7.0654261e-01
 -1.3750605e-04
  2.7516979e-01
  7.8570110e-01
  2.0571526e-04
 -2.9979730e+00
  1.7759959e-04
 -6.0056436e-01
  1.8316778e+00
 -2.8022233e-01
 -4.1245463e-01
 -6.9709182e-01
  9.5057178e-01
  6.2929379e-05
 -4.4972140e-01
 -9.3402319e-05
 -1.0016089e-01
  1.9250704e+00
  3.4468918e-04
 -9.9015176e-01
 -6.3967204e-01
  4.3915614e-01
  2.0772015e-01
 -1.8158371e+00
  8.1871130e-02
 -1.1844153e+00
  1.0602447e+00
 -3.7428326e-05
 -2.3470695e-04
 -5.7899240e-05
 -7.2029948e-01
  5.9540991e-05
 -7.9877949e-01
 -1.4886713e-04
 -8.8771201e-05
  3.5084493e-05
 -3.8175749e-05
  1.8576464e-04
 -4.3154892e-04
  2.7220285e-01
  6.2016057e-05
  3.2660677e-04
 -5.9311540e-04
  1.2756838e-04
 -9.4225623e-05
 -3.1040100e-04
  1.6621313e-04
 -7.5897196e-04
  3.7623737e-03
 -8.9562520e-02
  2.6254661e-04
  7.4648065e-06
 -3.8339531e-05
 -9.4066578e-05
  7.3223164e-05
 -9.2021990e-05
 -3.5141427e-05
 -2.9678326e-04
  1.0350922e-05
  3.9540135e-04
 -8.1876096e-05
  3.9237584e-05
  3.2144116e-04
 -7.4929019e-05
 -1.9753552e-05
 -5.3110562e-04
  9.5122443e-05
  3.1185601e-04
  3.3490043e-05
  1.3391698e-04
 -9.3159812e-05
 -1.1219091e-04
  1.0622005e-04
  4.7439808e-05
 -5.7805570e-05
 -1.2915079e-04
  1.8964733e-04
  5.3963191e-05
  8.8874629e-05
  1.0494135e-05
 -3.2059266e-05
  2.8475226e-04
  3.2534845e-06
 -1.0835482e-05
 -2.5336601e-06
 -2.8872924e-04
 -4.8471420e-04
  1.8356751e-04
 -1.0042657e-04
  1.5278329e-04
 -4.5526027e-05
 -5.2536805e-05
 -2.2884585e-04
  5.3112082e-05
  1.2724518e-05
 -3.6397552e-05
  3.8916238e-05
 -1.5962032e-05
 -6.4593682e-05
  2.9806071e-04
  1.6836330e-04
  2.0943394e-04
  2.0514941e-04
  1.8101792e-04
  3.5222216e-05
  1.2684766e-04
  2.8527173e-04
  4.2164407e-05
  2.7335281e-04
  1.2507497e+00
 -7.5246823e-01
 -5.8273368e-02
  2.8720883e-01
 -6.3947171e-01
  5.8914423e-02
  1.8881863e+00
 -5.2596211e-01
 -1.2174498e+00
 -1.5872870e-02
  1.4819715e+00
 -1.5720540e+00
 -3.1476957e-01
 -1.0247663e+00
 -1.7242724e+00
  3.1514797e-02
  9.3318082e-02
  1.3758934e+00
 -1.0656127e-01
  9.1932848e-02
 -1.3667226e+00
  1.1628941e-01
 -5.6153727e-01
  6.6453612e-01
  4.1788286e-01
  3.8598053e-02
 -3.1908360e-01
 -5.5342036e-01
  2.7011061e-01
 -1.3473644e+00
 -3.1715591e-02
 -2.0176170e+00
 -5.7868034e-01
 -7.8888759e-02
  1.9295968e+00
  7.2267902e-01
 -7.9225363e-05
  1.0662804e-03
 -6.8554026e-01
  1.1329651e+00
  6.0979497e-01
 -8.9438635e-01
 -6.7670882e-01
  2.1004218e-01
 -3.5634637e-01
 -9.2862085e-02
 -8.4458031e-02
  2.9009485e-03
  1.1413467e-05
 -3.8179696e-01
 -2.0135970e-01
  1.5394905e-01
 -1.1700309e-04
  1.5474029e-01
  2.0563679e-03
  2.0860339e-02
 -2.5416242e-05
  3.9263587e-02
 -3.3554505e-05
  5.0220743e-04
  1.9715812e-02
  2.1197805e-04
 -3.6789134e-01
 -9.0177979e-05
  6.0208959e-06
  3.6776887e-04
  3.2135099e-02
  5.6572328e-04
  3.3694707e-04
  1.2619483e-04
  4.7470458e-05
 -4.0455045e-05
 -1.4077898e-04
 -1.4411959e-04
 -3.9217909e-04
 -2.1681572e-04
 -1.6532816e-02
  8.7192086e-05
  9.6130418e-05
  3.3684963e-04
 -2.4290408e-05
 -1.5139378e-04
  1.2634207e-04
 -2.1284117e-04
 -1.1353807e-04
 -3.9747797e-04
  9.1871276e-05
 -5.3775610e-05
 -1.4537972e-04
 -1.7482595e-04
 -1.0885528e-04
  1.8909677e-04
  1.2375448e-03
  2.0148631e-04
 -3.1506937e-02
 -4.4168439e-05
 -6.3358618e-07
 -3.5347927e-01
  3.3684881e-04
  6.3698017e-04
 -2.2768961e-01
 -6.9917041e-06
 -1.2169447e-04
  5.2476090e-01
  3.8403153e-02
 -9.7702585e-05
  7.3602873e-01
  2.3223836e-02
 -2.7154931e-05
  8.8520598e-04
  9.6264503e-06
 -5.5908971e-05
 -1.3305151e-04
 -1.6956963e-04
  5.2577625e-06
 -2.3687433e-04
  2.6517207e-04
  9.4144445e-05
 -4.3323496e-04
  1.3930642e-04
 -4.7826197e-05
 -2.9012316e-04
 -1.6838373e-04
  1.1729599e-04
 -1.7505516e-04
  1.5359963e-04
 -8.2569895e-04
 -6.1859537e-05
  3.1936874e-05
  4.1157877e-04
  2.9456215e-02
 -4.1839603e-01
 -2.3806809e-01
  7.1186095e-02
  1.3796228e+00
  7.1237463e-01
  1.7882457e-01
 -3.2691872e-01
  3.2592016e-01
 -1.7037922e-01
 -1.6963127e+00
  4.6438235e-01
  6.0168352e-02
  9.9575979e-01
  6.4503602e-03
  6.5415353e-01
 -2.5529099e-01
 -7.3262060e-01
 -2.0684920e-04
  4.5098984e-01
  7.7609462e-01
  2.1567057e-01
 -6.2936717e-01
 -1.2380148e+00
  4.5268801e-01
  2.5555853e-02
  4.4884697e-01
  4.1690579e-01
  2.4486512e-01
  1.2566534e-01
  7.1298972e-02
  1.0156117e-01
  2.3872311e-01
  4.8078445e-01
  2.0432310e-01
 -4.5994839e-01
  4.2091978e-01
  3.0161110e-01
 -9.4688755e-01
  1.7056742e-01
 -2.2706820e-02
 -3.5852543e-01
  6.3174582e-01
  2.3740312e-01
 -1.6077894e-01
  3.9199826e-01
  5.3501546e-01
  3.9509705e-01
  2.0197925e-01
 -4.4375286e-01
  2.6887167e-01
  1.6116486e-01
 -4.8683785e-04
 -5.3185441e-02
 -6.2648702e-04
 -7.5720102e-02
 -5.5632927e-02
 -7.6954853e-04
 -1.3043643e-04
 -5.9297814e-05
 -1.7177197e-01
 -7.1795941e-05
 -7.7116885e-05
  7.2319555e-05
  2.1362631e-01
 -1.8142330e-02
 -1.0705661e+00
  9.3253210e-02
  4.5030749e-01
 -2.9928081e+00
  2.4133261e-01
  5.4264909e-01
  5.8538729e-01
  1.3820814e-04
 -2.6619303e-01
  2.2236578e+00
 -1.0345680e-01
 -4.6465090e-01
  3.9318141e-02
  1.2831514e-01
  6.7396528e-01
  2.2028908e-01
 -1.1631049e-01
 -3.1422671e-02
 -8.3544940e-02
 -5.0801444e-01
  1.2968643e-02
  5.1204534e-04
  3.5263467e-01
 -8.0966020e-01
 -1.0344595e-01
 -2.7802732e-02
  3.0479641e-04
  1.3017391e-02
  6.6986969e-03
  1.6509636e-01
  5.6744951e-01
  2.0002925e+00
  3.2884040e-01
 -8.4524170e-02
 -1.3185278e-01
 -1.5004085e+00
 -5.3310704e-01
  6.8167135e-02
 -2.4929458e-01
 -1.1065240e-01
  1.0061932e-01
  2.4823450e-01
  7.5032283e-04
 -2.0330815e-01
 -1.1763226e-04
  3.0888489e-01
 -1.6063662e-01
  3.1260599e-04
 -7.7160168e-04
  3.7091912e-03
 -4.6923876e-02
  1.8737711e-04
  6.1539002e-05
  8.5043976e-05
  3.0324198e-04
  2.8683888e-04
 -5.2119198e-05
 -5.4176693e-05
 -5.0943340e-06
  2.6152393e-05
 -2.4177937e-03
 -3.4670084e-04
 -1.8685959e-04
 -7.5710370e-05
 -8.1495684e-01
  6.6553181e-01
  1.6027097e+00
  9.1197699e-01
  5.6119107e-02
 -1.0560279e+00
 -4.1526410e-01
 -7.6127660e-01
  1.0983464e-01
  6.5325904e-01
 -1.9929749e+00
  2.5396585e-01
 -2.5923270e-01
 -1.9838705e-04
  8.9483679e-04
  6.7001468e-01
 -2.1900427e-01
  2.7038616e-03
  1.4083836e-03
 -3.7641034e-01
  2.0994259e-01
 -7.9332240e-02
  8.6504705e-03
  2.4883715e-02
  4.6931699e-02
  2.1555211e-01
 -1.9132963e-01
  1.8709344e-01
 -4.4670320e-01
  3.5615843e-03
  1.5086648e-01
  2.4848725e-05
 -2.2744114e+00
  6.2829070e-02
  1.0864783e-02
 -5.0634390e-01
  2.9879995e-02
  1.3068787e-05
 -4.0480220e-01
  5.5669391e-01
 -1.0070743e-01
 -4.1341776e-01
 -6.6503429e-01
 -2.1569255e-01
  2.8449923e-01
  8.1980659e-05
 -7.3961653e-03
  7.2993920e-04
  1.1994790e-04
  5.7170708e-02
  6.3277199e-04
  2.8851426e-05
 -5.0332164e-05
  1.1426015e+00
 -1.6201255e-04
  6.8646506e-04
 -2.4976290e-04
 -1.5893829e-03
 -2.9346409e-05
 -4.3485717e-05
 -1.2364292e-04
  1.6928380e-04
  6.8848178e-04
  1.0614212e-04
 -3.9236009e-04
 -6.9442322e-05
 -2.0708963e-01
  5.6640944e-05
 -2.9377345e-05
  9.7140080e-05
 -1.1560618e-04
 -8.7764952e-03
  9.6744167e-05
  3.8966311e-05
 -3.1932628e-05
 -4.5667268e-05
 -1.4280096e-04
  8.7690409e-05
  4.7695008e-05
 -3.1506628e-04
 -4.7293117e-05
  1.1540327e-04
 -1.8705695e-04
 -1.7980408e-07
  9.6815718e-05
 -4.2805617e-04
  1.6409313e-05
 -3.5380013e-05
  7.3079505e-06
  3.8090249e-05
  3.2861400e-04
  2.6065746e-04
 -4.6955214e-05
 -1.1646236e-04
  1.1498304e-03
  1.4355464e-04
 -6.0466737e-05
 -1.2523455e-04
  9.3545779e-05
  1.4024087e-05
  7.0507595e-05
 -1.8624184e-04
 -1.3661530e-04
  3.6880832e-05
  5.7802812e-05
  4.2014124e-04
 -4.1504198e-04
  1.2589838e-02
  3.2758813e-05
  2.6445271e-04
  1.6007160e-03
  8.0792688e-02
  2.6289257e-04
 -2.9044719e-05
 -2.9281856e-04
  7.5585493e-05
  3.3807333e-05
  1.2935714e-04
  2.1820599e-05
  5.1090461e-05
  7.4954814e-04
  1.5021564e-04
  1.0307733e-04
  2.8153020e-04
 -2.4137384e-04
  7.7010962e-05
 -4.1891125e-04
  5.0896248e-05
  1.9563464e-04
 -2.8353056e-04
 -1.6571295e-01
 -1.7149631e+00
  2.1445198e-01
  1.6173323e-03
  4.6701360e-02
 -1.6315964e-01
 -3.4238538e-01
 -4.1549456e-01
  5.0405427e-03
  6.3406158e-05
 -1.6839521e-04
 -1.0757285e-01
  1.6447177e-04
  3.6473975e-05
  3.9966754e-03
 -4.2630872e-05
 -1.1929738e-04
  7.9514422e-03
 -6.3911220e-04
  1.8741799e-06
 -2.2323831e-04
 -1.2444735e-05
 -3.7285171e-02
 -1.5128358e-01
 -2.6446450e-01
  3.6659920e-05
 -4.2943248e-01
  2.1946263e-03
  9.5714375e-02
  1.4571775e-01
  1.5792021e-04
  1.2315135e-04
  1.6961982e-02
 -7.4359891e-03
 -5.2314792e-02
  1.2036763e-04
  9.2524866e-04
  2.6100244e-02
 -4.3631461e-02
 -2.5504053e-01
  2.3163850e-05
  6.8750029e-04
  2.1910514e-01
  7.9484010e-01
  6.4362073e-01
 -3.2095128e-04
  8.9724176e-02
  3.0957279e-01
  1.1414886e-03
 -5.4488987e-02
 -1.2538042e+00
 -1.3667474e-02
 -7.6491320e-05
 -6.1813885e-01
 -1.5548793e-04
 -3.6165677e-04
 -7.2036160e-04
  3.8559377e-04
  6.5275090e-04
  4.2421652e-05
 -3.3151726e-03
 -1.8817883e-04
 -9.6441759e-03
  1.1883778e-04
  6.2102097e-04
  5.6140196e-01
 -1.7062168e+00
 -5.3360927e-01
 -1.7487545e+00
 -9.4176531e-02
  5.1288205e-01
 -2.6590449e-01
  1.2743127e+00
  1.6892058e+00
 -3.4044409e-04
 -2.6066896e-01
  7.1062692e-02
  8.6773664e-02
 -1.6377284e-01
  2.1972794e-04
 -9.8687671e-03
 -3.6241063e-01
 -1.9427093e-03
  1.4315494e-02
  3.4844819e-01
  2.3807091e-01
 -1.8508367e-01
  7.9014641e-01
  9.1377735e-01
  8.2146493e-05
 -7.8674864e-05
 -5.2250490e-02
  1.6539427e-04
 -2.1019441e-01
  5.4757577e-01
  3.5531376e-02
  1.0457106e+00
  3.7457544e-01
  6.3927606e-02
 -5.6779599e-01
 -2.7540592e-02
  3.4628777e-06
 -1.9299042e-01
  1.2606724e-01
  1.2908290e-01
  3.9168902e-02
  1.9706013e-02
  2.9772950e-02
 -1.3052091e-03
  5.5414494e-02
  9.6501244e-05
 -3.5921246e-02
  3.7382714e-02
 -5.8326196e-02
  5.9255335e-04
 -1.8750248e-05
 -4.3366963e-04
 -2.4857622e-04
  4.5762918e-04
 -9.6615480e-04
  1.7830764e-05
  1.6819025e-04
  1.4764901e-04
 -4.6654369e-04
 -3.9944277e-04
 -2.3215152e-04
 -7.3203613e-04
 -2.4670459e-04
 -3.3819088e-05
  7.5707037e-04
 -1.1791393e+00
  5.3454548e-01
  1.8365882e-01
  1.0991072e-02
  3.0243888e-01
  2.7433111e-05
 -4.1077942e-01
 -4.0725894e-02
 -2.2412380e-02
  6.8106796e-03
 -1.5695798e-01
 -1.0477781e+00
 -2.1844137e-01
  6.2451446e-01
  5.4549821e-02
  2.9377070e-01
  9.1758227e-01
  2.8829715e-01
  1.1758137e-01
 -3.1612272e-04
 -3.6411136e-02
  1.0678228e-03
  5.9951592e-02
 -2.1966794e-01
  7.4869938e-02
  4.6409993e-03
 -1.5331832e-01
 -2.9404843e-04
  5.5696297e-02
 -2.6247585e-01
  2.6557994e-01
 -9.7728556e-04
  4.5586396e-02
 -1.4805082e-03
  3.6302379e-01
  5.2473457e-03
  2.4450528e-05
  6.8521433e-02
  2.5268617e-01
 -1.7146347e-01
 -1.3036647e-01
  3.9989838e-01
 -1.6921274e-01
 -2.3641300e-01
  4.2499417e-01
 -4.7565155e-02
  2.7598986e-01
 -2.4293293e-01
 -3.1237883e-04
  2.2442603e-01
 -1.0478328e-01
  1.2772534e+00
  6.5601483e-02
  5.1083905e-05
  8.3600695e-05
 -1.8030180e-01
 -5.3817249e-04
 -2.2193202e-04
 -2.7910210e-04
 -3.2766445e-03
  4.2392850e-05
  2.7718450e-04
  2.2541138e-04
 -3.8305250e-05
  4.3527893e-05
  4.3496708e-04
  1.8363727e+00
  1.4506291e-04
 -3.1884387e-04
  4.9643427e-06
  6.7022258e-05
  3.6233833e-01
  5.5661176e-06
  1.7245457e-04
 -2.2160179e-05
 -2.3619649e-04
  6.4070664e-02
 -1.1742008e-04
 -6.4665983e-05
 -1.4354621e-06
 -3.8821894e-05
  1.3958215e-04
  2.5127159e-04
 -1.0369875e-04
 -2.4087672e-04
 -4.3358647e-05
 -1.1000937e-04
  2.0460333e-05
 -2.9863028e-02
  1.2115845e-04
  1.1159143e-05
  2.8921826e-02
 -6.9175288e-04
 -6.6628934e-05
 -1.0220795e-04
 -3.5790369e-04
 -2.5891542e-04
 -2.0490543e-04
  1.7262840e-01
  9.7484830e-05
 -3.1623539e-01
 -5.9791397e-05
 -4.4860342e-05
 -5.6185214e-05
  7.1857030e-05
  7.1534520e-04
  6.8157628e-06
  1.3398442e-03
 -1.4677671e-04
  1.2493153e-01
  2.5755189e-05
 -5.1195646e-05
 -1.6518694e-03
 -5.9771723e-05
 -3.0354728e-04
 -1.9125917e-04
  9.6225056e-05
 -5.9658450e-05
  5.0612012e-05
  2.2328791e-04
  1.3446247e-05
  1.8522189e-05
  1.7776360e-05
 -5.1929776e-05
  9.0950045e-05
 -3.7838407e-05
  3.4370922e-04
 -1.4374808e-04
 -1.1332065e-04
 -2.7612859e-04
 -1.0655884e-05
 -7.5334364e-01
 -4.7859870e-05
  2.7781352e-04
 -7.8585646e-05
  1.0415360e-01
  5.1332837e-01
  1.7259935e-04
 -2.0008914e-05
  1.5656264e-05
 -3.9848745e-02
  3.4590132e-04
  8.0562415e-05
 -3.5134453e-05
 -1.1845620e-04
 -9.3112167e-06
  3.8769951e-05
  1.5485169e-04
  1.8371154e-04
 -6.6378765e-04
 -2.9865946e-04
 -5.4926721e-05
 -7.5947006e-05
 -1.9448425e-01
 -8.2609229e-05
 -1.3406191e-02
  1.4950589e-03
 -1.7173933e-04
 -3.6409529e-04
  9.1752572e-06
 -1.7441247e-02
 -6.7230070e-01
 -2.5370580e-01
  5.0262781e-04
  8.7178072e-05
  1.6419005e-04
  1.3885309e-05
  8.7650675e-05
  1.9144673e-02
 -4.3670330e-05
  2.0786253e-01
  2.4114757e-04
  5.0719017e-03
  2.0290074e-04
  1.4715289e-01
  7.4000127e-05
 -6.0740431e-06
 -2.6795454e-04
 -4.6810099e-05
 -6.7943743e-05
  8.7299632e-05
  4.1463986e-04
 -5.5698987e-05
 -1.6566785e-01
  9.9237614e-06
  2.3623343e-04
 -9.1511378e-05
  2.0557079e-04
 -3.2245147e-04
 -2.3751074e-04
  1.5374552e-04
  1.0655550e-04
  1.0022886e-04
 -4.0060735e-05
  2.6420411e-04
 -2.7058809e-04
 -1.6014659e-05
  1.2280823e+00
 -3.9711103e-01
  1.2228513e+00
  3.3809102e-01
  6.0235929e-01
 -4.4373810e-01
 -2.8627844e+00
 -1.3391122e+00
  4.8929551e-01
 -3.6276364e-01
  1.3413188e+00
  5.0642920e-01
  2.3759365e+00
  1.4051199e+00
 -1.5984565e-02
 -6.3577674e-02
  1.3963136e-01
  2.5645531e-05
  1.3639257e+00
 -1.0053673e+00
  1.5751994e-04
 -2.2623472e-02
 -1.5596392e+00
  6.3466227e-01
 -1.0805864e+00
 -1.3244786e+00
  1.4864378e+00
  3.8524871e-04
 -4.5856914e-01
  1.5654541e+00
  3.8688781e-04
  6.5747619e-01
  8.4079158e-01
 -9.4599718e-01
 -3.3594305e-03
  1.9972853e-02
  1.0546651e-01
  3.5202122e-01
 -1.3382430e+00
 -1.7768091e+00
 -3.9900818e-01
  2.1545590e-01
 -9.1304845e-01
 -3.4884530e-01
 -5.2329409e-01
 -2.2981129e+00
 -1.4075817e+00
 -2.6844886e-01
  1.1231519e-01
 -3.7689468e-01
 -1.9868465e-01
  7.6188990e-05
  1.5557789e-02
  2.1095993e-01
 -2.9912597e-01
  2.4177562e-01
 -4.3184362e-02
 -2.0069125e+00
  4.7131246e-01
  1.7392375e+00
  5.2199125e-01
 -4.5959267e-01
 -1.0015935e-01
  1.4750598e-01
  2.0810602e+00
  1.2428255e+00
 -5.1885748e-01
 -1.2876722e+00
  4.2658951e-04
 -2.3954900e-04
  2.0327713e+00
 -9.2846978e-01
  5.3170943e-01
 -7.6004136e-01
  1.8408303e-01
 -9.9150646e-01
  1.3863079e-01
  8.9191055e-01
 -6.8344200e-01
 -3.5240680e-01
  1.5079095e+00
 -6.1582547e-01
  2.2032971e+00
  2.7687240e+00
 -2.4986507e-01
  1.4108647e-01
  7.9280818e-01
  4.6422318e-02
  2.0192227e+00
 -5.7044429e-01
  4.7899283e-02
 -1.5940856e+00
 -1.0299751e+00
 -6.0622472e-01
  1.2760690e+00
 -1.5356472e+00
 -3.9130998e-01
  1.0453581e-03
 -1.2773496e+00
  1.9371233e+00
 -1.2924714e-03
  3.1541950e-01
  1.8857752e-01
 -1.0335077e+00
  3.4996262e-01
  5.7466108e-01
 -1.4993931e+00
 -3.8265252e-01
 -1.6267093e+00
 -1.6160659e+00
 -1.0802934e-01
  1.9983286e-01
 -3.4651789e-01
 -3.8930574e-01
 -3.5882136e-01
  2.0581660e+00
 -1.4596820e+00
 -1.3429004e-01
  2.1821761e-01
 -9.7811496e-01
 -3.6170477e-01
  2.1380587e-03
  3.0472004e-04
  1.3211322e+00
  2.0014572e-01
  3.9386669e-01
 -1.0613697e-01
 -1.2024430e+00
  1.7642844e-01
  1.6937169e+00
 -7.2415823e-01
  4.4041502e-01
 -3.2479975e-01
  6.2730634e-01
  1.0355600e+00
  1.7122380e+00
 -2.7523184e-01
 -7.5736547e-01
 -2.1298622e+01
 -1.3753690e-01
 -2.4087040e-02
 -1.2055312e+00
 -3.4438401e-01
 -5.1049024e-01
  6.1852894e-05
 -4.3370845e-04
 -1.8333736e-01
 -6.3437623e-01
 -3.8703844e-01
 -1.3797902e-01
 -1.7591038e+00
  4.2050764e-01
  6.8089619e-02
 -2.6187655e-01
 -9.0753268e-03
 -1.7451895e+00
  7.1577895e-01
 -1.2624638e-04
  2.1684399e+00
 -1.3040039e-01
 -5.1451214e-02
 -3.6376439e-02
  2.7818805e-01
 -4.1868883e-01
 -7.4389917e-01
 -8.3277360e-02
 -1.0173789e+00
 -2.5134721e+00
  1.4068671e+00
 -6.3486212e-01
  8.3102769e-01
 -1.9686489e-01
 -1.4214788e-03
 -6.0441846e-01
 -4.8135692e-01
  5.2559000e-01
 -9.4602484e-01
 -1.4307649e-01
 -1.5388054e+00
  1.9675684e-03
 -5.1139325e-01
 -2.6783289e-05
 -2.1943181e-04
 -5.7344127e-01
  1.4530419e+00
 -2.1328795e+00
 -1.7505758e+00
  1.1963986e+00
  1.5803713e-01
  8.9078528e-01
 -3.0078065e+00
 -3.3854949e-01
 -2.1212010e+00
 -1.1999886e+00
 -2.6565872e-02
  3.9366837e+00
  7.1819866e-01
 -1.6477245e-01
  2.0825121e+00
 -9.3180853e-01
  2.0808148e+00
 -9.9304289e-01
 -9.3295568e-01
 -1.5243087e+00
  1.3261821e+00
 -1.1780142e+00
  8.5080183e-01
 -2.1513317e+00
 -1.9450270e+00
 -8.9704931e-01
 -8.0534363e-01
 -2.2883463e+00
 -1.9118816e+00
  5.5671328e-01
 -2.3519060e-01
 -5.7535088e-01
  6.9642425e-05
  5.8008086e-02
  1.4399554e-04
  3.0072519e-01
 -6.8118459e-01
  3.0662288e-06
  3.2481575e+00
  1.4844871e-01
 -8.9963600e-02
  9.7112149e-01
 -9.2734128e-02
  1.6034660e-03
 -4.6363959e-01
  2.3745379e+00
  1.0573325e-01
  2.0905204e+00
 -6.0670945e-04
  3.3456790e-01
 -1.8383652e-01
 -1.0589072e+00
 -1.3801153e+00
 -2.5243908e-01
  1.7215418e+00
 -4.2439783e-01
  1.2089504e+00
  6.5899402e-01
 -1.5356559e+00
 -5.6761181e-01
  3.6191988e-01
 -7.0195216e-01
 -2.2842374e-01
 -2.7854877e+00
 -2.9928097e-01
 -1.4990499e+00
 -3.0305796e+00
 -1.2196640e+00
 -3.2216845e+00
 -9.0626135e-02
 -2.4655149e+00
  1.9548563e+00
  3.2718128e-01
  7.5770211e-01
  1.0010831e+00
  1.6662619e-01
  1.2183892e-01
  1.9281797e+00
  8.8519037e-01
 -3.4144196e-01
 -3.6515596e+00
 -1.1726502e-01
 -3.2244413e+00
  9.1062456e-01
  1.6717223e+00
  9.2050612e-01
  1.8783259e+00
  2.3242578e-01
 -6.8792278e-01
 -2.1356133e-01
  2.0684133e+00
 -9.4340777e-01
 -5.1897413e-01
  4.1877721e-03
  6.0139173e-01
 -9.6332246e-01
 -1.7097061e+00
  3.2199624e-01
  4.2019033e-01
  1.3519172e-01
 -1.0194489e+00
  2.8638213e+00
 -2.9884845e-01
 -3.2068899e+00
  6.1509112e-05
  2.0799489e+00
  7.7738553e-01
 -1.3793866e-01
  2.3787782e-04
 -2.4527690e-01
 -1.4310869e+00
  1.6772296e+00
  4.8983815e-01
  1.2591567e+00
 -4.4223562e-02
 -4.0398729e-01
 -1.8961205e-01
  2.6962857e+00
  2.5009797e+00
 -1.3772035e+00
  2.1881261e-03
  2.1598051e-01
 -3.2055756e-01
  2.1738779e-05
 -6.2237144e-04
  2.1269884e-02
  5.8968890e-01
 -7.1527767e-01
  1.2662851e+00
 -1.5828793e+00
 -5.2674925e-01
 -3.3956230e-01
  8.3542728e-01
  6.4924397e-02
  2.7944052e+00
  4.8565033e-01
  2.6270759e+00
  1.9328774e+00
  1.2871711e+00
  7.3957288e-01
  3.6482757e-01
 -7.8241523e-05
 -1.0013537e+00
  4.2527443e-01
 -3.4981146e-01
  5.8461261e-01
 -1.7785370e-02
  4.3023708e-01
 -1.5947264e+00
  9.7003055e-01
 -1.9596876e+00
  4.1483283e-01
  9.5785007e-02
  2.2569204e-02
 -4.2583784e-01
  1.1030625e+00
  1.0176021e+00
  4.0779401e-02
 -2.7022657e+00
 -8.4661819e-02
  2.8775445e-01
  6.6393983e-01
 -6.6092318e-01
  9.3625194e-01
  2.0838838e+00
  4.3043834e-01
 -2.1615110e-01
  1.5286192e-01
 -3.3073655e-01
  4.5937970e-01
  9.3415028e-01
  3.7041146e-01
  1.2694218e+00
 -1.7501115e+00
 -1.5956695e+00
 -3.8935173e-02
  4.5582131e-01
  3.4966808e-05
  8.4428844e-05
  5.2099311e-01
  3.3974883e-01
  2.0965254e-02
 -9.4816917e-01
  9.7044295e-01
 -1.7025993e+00
 -4.2009425e-01
 -1.8868785e-01
 -1.2090877e+00
  1.3692775e+00
 -8.9135367e-01
  3.2959508e-03
 -9.1783649e-01
  7.5904594e-04
  5.9803879e-01
  5.1022816e-01
 -1.5324239e+00
 -1.5634693e-01
  2.0499219e-01
 -6.9974762e-01
  1.9606653e+00
  1.4060308e+00
 -1.6737260e-01
  1.9217731e+00
  1.3248657e+00
  2.0657518e+00
 -6.1750078e-01
 -1.2572827e+00
 -3.2469811e+00
 -3.0268916e-01
 -4.3043074e-01
 -7.7063942e-01
 -9.3900150e-07
  3.0018029e-01
  3.6503487e-05
  8.0415884e-06
  5.7291758e-01
  8.0135876e-05
 -6.6631955e-01
 -1.2637122e+00
 -1.3098697e-01
 -1.1646347e-01
  2.3697886e+00
 -1.3252243e+00
  2.2113663e-01
  9.0274006e-01
  8.9211566e-03
 -1.8469593e-01
  1.5869917e+00
 -2.9174617e-01
 -4.3000990e-01
 -1.4870404e+00
  8.8661486e-01
 -4.7328019e-01
 -1.4103559e+00
  1.2896395e+00
 -3.7665987e-01
 -8.2436776e-01
 -3.0542600e-01
  1.1957740e+00
 -1.6395082e-01
  1.1073276e+00
 -2.2650343e-01
 -5.1482618e-01
 -2.0920582e+00
 -9.2294395e-01
  5.3932464e-01
  3.0989943e+00
 -2.6169195e-04
  5.2093961e-05
  7.1037459e-01
 -2.7307658e-04
  7.6078886e-01
  2.4891318e-01
 -5.8505911e-01
 -6.8210077e-01
 -2.2156432e+00
  3.1299335e-03
  1.0747106e+00
 -2.8672099e+00
 -1.4587909e+00
 -4.7682714e-01
  7.6248014e-01
  1.3919200e+00
  1.3024229e+00
 -7.8911704e-01
 -2.1483321e+00
  1.1522410e+00
  1.4080430e+00
  6.5793619e-02
 -7.4326754e-01
 -1.6372391e+00
  5.0038129e-02
 -2.9289162e-01
  2.1116900e+00
 -1.5933195e+00
 -4.6592048e-01
 -4.1706352e+00
 -4.3437080e-03
 -2.3689186e-02
 -2.3604019e+00
 -1.5041720e+00
 -5.9884408e-04
  4.1974804e-01
 -2.6823300e-01
 -1.2148574e-02
  1.9380928e-03
 -5.8511403e-05
 -8.4964842e-02
  2.6425308e-01
 -2.2048421e-01
  2.2363217e-04
  3.1769910e-01
  5.6382805e-01
 -1.2465375e-05
  2.1515270e-01
 -1.3289931e+00
 -2.4206865e+00
  1.0725028e-02
  6.3203901e-01
 -1.3805326e+00
  1.5219398e+00
 -2.9964957e-01
 -2.5008290e-04
 -9.7557530e-02
 -5.2574314e-02
 -7.6032944e-02
 -7.6513189e-01
  2.9357868e-01
 -4.1739531e-02
 -3.2952521e-05
 -2.3345699e+00
  3.5539600e-01
 -1.8241892e+00
  8.5412204e-01
  2.3937087e-01
  1.8695036e+00
  2.8632977e+00
 -1.1700308e+00
 -1.1591980e-02
  2.4050917e-01
 -6.7943358e-01
 -1.2267449e+00
  8.4239721e-01
  9.9437976e-01
  1.3070910e+00
  9.7645235e-01
 -1.8556677e+00
  1.7553571e+00
  7.7129388e-01
  1.3534211e+00
 -3.5211411e-01
  5.6664186e-04
 -1.4483413e+00
 -3.2919228e+00
  4.1036878e+00
  2.7793443e-01
  1.1130637e-02
  1.3057797e+00
  2.3645493e-01
  1.2258582e+00
  8.4207398e-01
  2.3410282e+00
 -1.1152565e+00
  8.3846256e-02
 -2.4176364e-01
  1.3496543e-01
  7.0180655e-01
  6.9205028e-01
  1.3526024e+00
 -1.8503276e+00
  1.6107150e+00
  1.8453796e+00
  1.7278399e+00
 -2.3894882e-01
  7.7980649e-01
 -8.0744040e-01
  2.1823866e+00
 -2.2306049e+00
  1.7453374e-01
  2.2829294e+00
 -3.3340566e+00
  2.1799753e+00
 -7.1121722e-01
  4.4765722e-02
 -4.2980151e+00
  6.5221024e-01
  3.2838017e-01
 -2.7759855e+00
  1.0410943e+00
 -3.4628913e+00
  2.1813860e+00
 -4.3790960e+00
  3.3792911e+00
 -1.7808517e+00
 -7.2610790e-01
 -1.1423305e+00
  1.7646165e+00
 -1.2780058e-01
 -4.8783386e-01
  5.3204894e-01
 -1.1766379e+00
 -2.9150331e-01
  6.6580355e-02
  7.3775089e-01
 -1.0214641e+00
 -2.5305885e-01
 -4.2388824e-01
 -2.1689200e+00
 -1.5364190e-03
  8.7650377e-01
  1.6490366e+00
  1.5188091e+00
 -2.6575093e+00
  6.7078072e-01
  2.4032475e-01
 -8.9617115e-01
  2.6039307e+00
 -5.5575031e-01
 -3.1969198e-03
 -1.4627522e-01
  2.2135265e+00
  6.4076394e-01
 -1.7688091e+00
  2.2924812e+00
 -2.8474333e+00
  3.7325263e-01
  9.9093711e-01
  4.0601835e-01
 -5.9068483e-01
 -1.3582513e+00
  1.3567866e+00
  4.4188717e-01
 -1.1171824e+00
  5.4571646e-01
 -1.2527250e+00
  1.8796085e+00
 -1.9425771e+00
  1.5140690e+00
 -1.1664965e+00
  1.0111262e+00
 -1.7795775e+00
  1.1215347e+00
  3.1690153e-01
 -9.2657673e-01
 -3.0857846e-01
  2.9547366e-01
  3.6611852e-01
  4.4056055e-01
  3.9379563e-02
 -2.5741496e+00
 -2.4354365e+00
 -1.9208183e+00
  1.3377359e-02
  4.3123983e-02
  3.7141602e+00
 -5.5172987e-02
 -1.1800653e+00
 -5.8753490e-01
  9.2946553e-01
  2.6899257e+00
 -1.6793023e-01
 -8.6167181e-01
 -1.8183932e+00
 -7.1551853e-01
  8.0118489e-01
 -3.0915782e-01
 -1.7235899e+00
 -1.1514286e+00
 -1.1379770e+00
  9.1058457e-01
 -5.1779747e-01
  1.3610074e-01
 -2.8179128e+00
  7.9173177e-01
 -1.6027538e+00
  8.9603090e-01
 -1.1347367e+00
 -1.5402038e-01
 -1.0056527e+00
 -1.2841990e+00
 -1.4261057e+00
 -5.7219231e-01
 -1.1034958e-01
 -3.4986141e+00
 -1.1969177e+00
 -2.6495438e+00
 -1.9004112e+00
  2.0334795e+00
  5.5516992e-02
  1.5972854e+00
  1.9301438e+00
  2.0988202e+00
  1.2761708e+00
  5.7394779e-01
  9.7294760e-01
 -2.6727223e+00
  3.4733298e-01
 -7.8393990e-01
 -3.1592994e+00
 -3.6033444e+00
 -1.8226670e+00
  7.3093855e-01
  2.2720076e-01
  8.5153796e-02
  1.3318039e+00
 -2.3473309e-01
  3.8821945e-01
  9.6445137e-01
  3.6682382e-01
 -1.1099019e+00
  1.4010840e-02
  1.2893732e+00
  5.7967776e-01
 -3.0208278e-01
 -2.0037184e+00
  4.0330887e-01
  2.8484190e-01
 -5.3048491e-01
 -8.2520659e-05
  5.3918286e-04
  5.0425833e-01
  2.1566529e+00
  6.4738601e-01
  1.6176602e-01
  1.5228950e+00
 -9.5032001e-01
 -1.1459557e+00
  5.7245936e-02
 -1.7860623e-01
  1.9154143e+00
  9.5805097e-01
  6.3748786e-04
 -3.5054278e-01
  1.7481399e+00
  7.0909327e-01
  6.6347486e-05
  2.5945935e+00
  6.2015319e-01
 -3.1399152e-01
  5.6536984e-01
  8.2002497e-01
  4.5437172e-01
 -1.2304825e-01
  7.9378329e-02
 -3.0382602e+00
  1.2746279e+00
  1.4301125e+00
 -6.4597189e-01
 -3.7150064e+00
  1.0746627e+00
  5.4429412e-01
 -2.8964045e-02
 -2.7049365e+00
  1.1309991e+00
  2.8256190e-01
 -1.3949449e-02
 -3.7935429e+00
  9.8389113e-01
 -7.2515088e-01
  2.4788368e-01
  1.4880755e+00
 -2.4104154e+00
  8.5407400e-01
 -1.0250384e+00
  1.1487556e+00
 -2.4490282e-01
  9.1903895e-01
 -1.6462334e+00
 -1.8905318e-01
  9.6679693e-01
  5.0244147e-01
  1.6233782e+00
  1.6906297e+00
 -1.7844704e-01
 -2.8600180e+00
  1.5889945e+00
  1.9894710e+00
 -9.4881445e-01
  3.8655356e-01
 -3.1721547e-01
 -3.5142031e-01
 -9.4438314e-01
  1.6622322e+00
 -1.0832783e+00
 -1.1446085e+00
  8.4710711e-01
 -1.3992660e-01
  1.1375045e-01
 -6.6417623e-01
  4.0412980e-01
 -1.9849497e+00
  8.4823895e-01
 -1.1019882e+00
  1.1801317e+00
 -3.1782668e+00
 -1.7343618e+00
  3.1913713e-02
  1.1094649e-01
  3.7172551e+00
 -1.1807428e-05
 -9.3035495e-01
 -5.4885852e-01
  1.2196494e+00
  2.6604822e+00
 -6.0265183e-01
  3.0454049e-01
 -6.0304868e-01
 -1.5428036e+00
 -7.1151078e-01
 -5.2457911e-01
  1.2779026e+00
  1.2661907e-04
  1.1232143e-01
 -7.7232174e-03
  5.6300944e-01
  6.0726213e-01
 -3.8395894e-01
  3.1530520e-01
 -2.6753101e+00
 -3.4437221e-01
 -1.3284265e+00
  3.1359914e-01
 -1.4173728e+00
  3.0343252e-01
  1.8878726e+00
  2.3537688e+00
  1.3366359e+00
  7.6812878e-02
  1.2051696e+00
  2.5067494e+00
  1.4467649e+00
 -1.3285642e+00
 -2.4769204e+00
 -3.1573431e+00
 -2.3133090e+00
  2.3673081e+00
  6.2691623e-01
 -4.7674603e+00
 -2.5112605e+00
 -5.4096055e-01
  3.9769515e-01
  4.7468746e-01
  1.1673974e+00
 -1.4566727e+00
 -1.5055939e+00
  3.2440710e+00
  3.6593742e+00
  1.1972400e-03
  9.7859025e-01
  1.4529203e+00
  7.1617466e-01
  4.0120319e-01
  1.0740979e+00
 -8.4214586e-01
 -1.5025353e+00
  7.0424098e-01
  6.2641048e-01
 -6.1078101e-01
 -1.6718568e+00
  1.2839621e+00
  7.4651140e-01
  1.8542861e+00
 -4.2018771e-01
  1.0802022e+00
  2.8928556e+00
  1.7121349e-02
 -1.9451308e-01
 -3.0071747e+00
 -4.1116390e+00
  7.9643953e-01
  3.5297397e-01
 -1.1472942e+00
 -1.2302867e+00
  8.9538980e-01
 -3.7761715e-01
  1.4341391e+00
  1.2686800e+00
  6.2745994e-01
 -9.6856761e-01
 -1.6768678e-01
  1.0576652e+00
  8.9434445e-01
  1.8362038e+00
  6.3277120e-03
  1.2171110e+00
 -5.8528453e-01
 -9.0646023e-01
  5.4576981e-01
  1.8838633e+00
  3.9255580e-01
  2.1866608e-01
  9.7818053e-01
  4.7651216e-01
 -8.1607735e-01
  8.3441234e-01
  9.6155768e-03
  9.6155768e-03
  9.6155768e-03
  9.6155768e-03
  9.6155768e-03
  9.6155768e-03
  9.6155768e-03
  9.6155768e-03
  9.6155768e-03
  9.6155768e-03
  9.6155768e-03
  2.0813724e-02
  2.0813724e-02
  2.0813724e-02
  2.0813724e-02
  2.0813724e-02
  2.0813724e-02
  2.0813724e-02
  2.0813724e-02
  2.0813724e-02
  1.4004526e-02
  1.4004526e-02
  1.4004526e-02
  1.4004526e-02
  1.4004526e-02
  1.4004526e-02
  1.4004526e-02
  1.4004526e-02
  1.4004526e-02
  1.1385194e-02
  1.1385194e-02
  1.1385194e-02
  1.1385194e-02
  1.1385194e-02
  1.1385194e-02
  1.1385194e-02
  1.1385194e-02
  1.1385194e-02
  8.3264140e-03
  8.3264140e-03
  8.3264140e-03
  8.3264140e-03
  8.3264140e-03
  8.3264140e-03
  8.3264140e-03
  8.3264140e-03
  8.3264140e-03
  7.4222959e-03
  7.4222959e-03
  7.4222959e-03
  7.4222959e-03
  7.4222959e-03
  7.4222959e-03
  7.4222959e-03
  7.4222959e-03
  7.4222959e-03
  9.2830940e-04
  9.2830940e-04
  9.2830940e-04
  9.2830940e-04
  9.2830940e-04
  9.2830940e-04
  9.2830940e-04
  9.2830940e-04
  9.2830940e-04
